date,value
1987-01-01,55.0
1987-01-02,73
1987-01-03,64
1987-01-04,57
1987-01-05,56
1987-01-06,65
1987-01-07,43
1987-01-08,69
1987-01-09,52
1987-01-10,52
1987-01-11,53
1987-01-12,63
1987-01-13,60
1987-01-14,67
1987-01-15,52
1987-01-16,64
1987-01-17,47
1987-01-18,68
1987-01-19,61
1987-01-20,43
1987-01-21,53
1987-01-22,68
1987-01-23,56
1987-01-24,78
1987-01-25,53
1987-01-26,62
1987-01-27,60
1987-01-28,55
1987-01-29,54
1987-01-30,64
1987-01-31,64
1987-02-01,44
1987-02-02,37
1987-02-03,46
1987-02-04,65
1987-02-05,50
1987-02-06,50
1987-02-07,53
1987-02-08,59
1987-02-09,53
1987-02-10,65
1987-02-11,55
1987-02-12,50
1987-02-13,51
1987-02-14,44
1987-02-15,36
1987-02-16,46
1987-02-17,38
1987-02-18,46
1987-02-19,30
1987-02-20,45
1987-02-21,56
1987-02-22,45
1987-02-23,48
1987-02-24,58
1987-02-25,51
1987-02-26,38
1987-02-27,58
1987-02-28,44
1987-03-01,51
1987-03-02,62
1987-03-03,42
1987-03-04,66
1987-03-05,51
1987-03-06,55
1987-03-07,45
1987-03-08,39
1987-03-09,55
1987-03-10,61
1987-03-11,47
1987-03-12,42
1987-03-13,59
1987-03-14,38
1987-03-15,54
1987-03-16,60
1987-03-17,50
1987-03-18,44
1987-03-19,41
1987-03-20,32
1987-03-21,44
1987-03-22,56
1987-03-23,62
1987-03-24,37
1987-03-25,43
1987-03-26,51
1987-03-27,52
1987-03-28,53
1987-03-29,54
1987-03-30,59
1987-03-31,64
1987-04-01,57
1987-04-02,49
1987-04-03,58
1987-04-04,45
1987-04-05,45
1987-04-06,44
1987-04-07,55
1987-04-08,62
1987-04-09,51
1987-04-10,60
1987-04-11,41
1987-04-12,45
1987-04-13,51
1987-04-14,58
1987-04-15,45
1987-04-16,53
1987-04-17,46
1987-04-18,53
1987-04-19,41
1987-04-20,41
1987-04-21,59
1987-04-22,43
1987-04-23,37
1987-04-24,50
1987-04-25,35
1987-04-26,40
1987-04-27,51
1987-04-28,49
1987-04-29,48
1987-04-30,42
1987-05-01,53
1987-05-02,49
1987-05-03,45
1987-05-04,44
1987-05-05,53
1987-05-06,46
1987-05-07,46
1987-05-08,43
1987-05-09,40
1987-05-10,37
1987-05-11,48
1987-05-12,55
1987-05-13,53
1987-05-14,45
1987-05-15,49
1987-05-16,44
1987-05-17,42
1987-05-18,38
1987-05-19,41
1987-05-20,39
1987-05-21,57
1987-05-22,49
1987-05-23,51
1987-05-24,47
1987-05-25,44
1987-05-26,46
1987-05-27,46
1987-05-28,44
1987-05-29,46
1987-05-30,49
1987-05-31,58
1987-06-01,52
1987-06-02,57
1987-06-03,49
1987-06-04,48
1987-06-05,52
1987-06-06,38
1987-06-07,46
1987-06-08,46
1987-06-09,41
1987-06-10,43
1987-06-11,36
1987-06-12,41
1987-06-13,46
1987-06-14,43
1987-06-15,45
1987-06-16,42
1987-06-17,42
1987-06-18,41
1987-06-19,58
1987-06-20,50
1987-06-21,40
1987-06-22,38
1987-06-23,50
1987-06-24,36
1987-06-25,46
1987-06-26,44
1987-06-27,43
1987-06-28,34
1987-06-29,29
1987-06-30,40
1987-07-01,49
1987-07-02,52
1987-07-03,34
1987-07-04,27
1987-07-05,53
1987-07-06,49
1987-07-07,46
1987-07-08,46
1987-07-09,40
1987-07-10,40
1987-07-11,49
1987-07-12,50
1987-07-13,46
1987-07-14,41
1987-07-15,39
1987-07-16,36
1987-07-17,49
1987-07-18,37
1987-07-19,37
1987-07-20,48
1987-07-21,57
1987-07-22,38
1987-07-23,42
1987-07-24,47
1987-07-25,36
1987-07-26,40
1987-07-27,47
1987-07-28,43
1987-07-29,42
1987-07-30,45
1987-07-31,40
1987-08-01,43
1987-08-02,32
1987-08-03,50
1987-08-04,43
1987-08-05,38
1987-08-06,53
1987-08-07,29
1987-08-08,57
1987-08-09,45
1987-08-10,45
1987-08-11,47
1987-08-12,34
1987-08-13,38
1987-08-14,44
1987-08-15,34
1987-08-16,43
1987-08-17,54
1987-08-18,36
1987-08-19,36
1987-08-20,40
1987-08-21,60
1987-08-22,51
1987-08-23,33
1987-08-24,47
1987-08-25,39
1987-08-26,47
1987-08-27,43
1987-08-28,42
1987-08-29,34
1987-08-30,43
1987-08-31,45
1987-09-01,52
1987-09-02,42
1987-09-03,42
1987-09-04,53
1987-09-05,48
1987-09-06,48
1987-09-07,34
1987-09-08,41
1987-09-09,34
1987-09-10,42
1987-09-11,40
1987-09-12,26
1987-09-13,46
1987-09-14,41
1987-09-15,41
1987-09-16,44
1987-09-17,47
1987-09-18,59
1987-09-19,42
1987-09-20,40
1987-09-21,37
1987-09-22,42
1987-09-23,41
1987-09-24,47
1987-09-25,37
1987-09-26,38
1987-09-27,36
1987-09-28,43
1987-09-29,52
1987-09-30,45
1987-10-01,52
1987-10-02,46
1987-10-03,41
1987-10-04,49
1987-10-05,59
1987-10-06,55
1987-10-07,48
1987-10-08,35
1987-10-09,30
1987-10-10,44
1987-10-11,41
1987-10-12,47
1987-10-13,45
1987-10-14,48
1987-10-15,43
1987-10-16,40
1987-10-17,52
1987-10-18,36
1987-10-19,54
1987-10-20,54
1987-10-21,36
1987-10-22,42
1987-10-23,55
1987-10-24,38
1987-10-25,63
1987-10-26,48
1987-10-27,52
1987-10-28,39
1987-10-29,46
1987-10-30,41
1987-10-31,54
1987-11-01,38
1987-11-02,50
1987-11-03,48
1987-11-04,51
1987-11-05,54
1987-11-06,57
1987-11-07,33
1987-11-08,48
1987-11-09,45
1987-11-10,50
1987-11-11,49
1987-11-12,56
1987-11-13,42
1987-11-14,34
1987-11-15,34
1987-11-16,52
1987-11-17,50
1987-11-18,57
1987-11-19,50
1987-11-20,51
1987-11-21,34
1987-11-22,44
1987-11-23,55
1987-11-24,62
1987-11-25,62
1987-11-26,52
1987-11-27,45
1987-11-28,57
1987-11-29,50
1987-11-30,45
1987-12-01,63
1987-12-02,49
1987-12-03,51
1987-12-04,42
1987-12-05,66
1987-12-06,65
1987-12-07,48
1987-12-08,54
1987-12-09,45
1987-12-10,54
1987-12-11,60
1987-12-12,58
1987-12-13,49
1987-12-14,45
1987-12-15,67
1987-12-16,44
1987-12-17,54
1987-12-18,62
1987-12-19,52
1987-12-20,46
1987-12-21,61
1987-12-22,57
1987-12-23,62
1987-12-24,59
1987-12-25,49
1987-12-26,82
1987-12-27,67
1987-12-28,68
1987-12-29,50
1987-12-30,57
1987-12-31,65
1988-01-01,55
1988-01-02,56
1988-01-03,61
1988-01-04,76
1988-01-05,82
1988-01-06,52
1988-01-07,51
1988-01-08,63
1988-01-09,68
1988-01-10,65
1988-01-11,69
1988-01-12,59
1988-01-13,48
1988-01-14,55
1988-01-15,66
1988-01-16,47
1988-01-17,46
1988-01-18,70
1988-01-19,71
1988-01-20,50
1988-01-21,65
1988-01-22,46
1988-01-23,52
1988-01-24,71
1988-01-25,62
1988-01-26,71
1988-01-27,78
1988-01-28,66
1988-01-29,65
1988-01-30,67
1988-01-31,70
1988-02-01,57
1988-02-02,70
1988-02-03,62
1988-02-04,69
1988-02-05,69
1988-02-06,76
1988-02-07,56
1988-02-08,71
1988-02-09,74
1988-02-10,63
1988-02-11,58
1988-02-12,79
1988-02-13,72
1988-02-14,64
1988-02-15,64
1988-02-16,62
1988-02-17,67
1988-02-18,78
1988-02-19,48
1988-02-20,64
1988-02-21,58
1988-02-22,69
1988-02-23,54
1988-02-24,46
1988-02-25,51
1988-02-26,59
1988-02-27,58
1988-02-28,57
1988-02-29,64
1988-03-01,53
1988-03-02,38
1988-03-03,60
1988-03-04,58
1988-03-05,52
1988-03-06,52
1988-03-07,52
1988-03-08,48
1988-03-09,54
1988-03-10,42
1988-03-11,46
1988-03-12,49
1988-03-13,40
1988-03-14,59
1988-03-15,51
1988-03-16,48
1988-03-17,55
1988-03-18,53
1988-03-19,52
1988-03-20,59
1988-03-21,62
1988-03-22,61
1988-03-23,50
1988-03-24,43
1988-03-25,55
1988-03-26,53
1988-03-27,54
1988-03-28,56
1988-03-29,34
1988-03-30,47
1988-03-31,56
1988-04-01,45
1988-04-02,41
1988-04-03,40
1988-04-04,59
1988-04-05,50
1988-04-06,47
1988-04-07,46
1988-04-08,56
1988-04-09,37
1988-04-10,42
1988-04-11,54
1988-04-12,37
1988-04-13,60
1988-04-14,34
1988-04-15,46
1988-04-16,44
1988-04-17,44
1988-04-18,45
1988-04-19,51
1988-04-20,50
1988-04-21,51
1988-04-22,45
1988-04-23,43
1988-04-24,45
1988-04-25,60
1988-04-26,49
1988-04-27,50
1988-04-28,36
1988-04-29,29
1988-04-30,33
1988-05-01,44
1988-05-02,53
1988-05-03,48
1988-05-04,41
1988-05-05,48
1988-05-06,45
1988-05-07,40
1988-05-08,59
1988-05-09,42
1988-05-10,46
1988-05-11,52
1988-05-12,45
1988-05-13,44
1988-05-14,37
1988-05-15,48
1988-05-16,47
1988-05-17,38
1988-05-18,48
1988-05-19,32
1988-05-20,44
1988-05-21,41
1988-05-22,44
1988-05-23,47
1988-05-24,38
1988-05-25,34
1988-05-26,36
1988-05-27,37
1988-05-28,44
1988-05-29,46
1988-05-30,49
1988-05-31,34
1988-06-01,33
1988-06-02,46
1988-06-03,47
1988-06-04,51
1988-06-05,43
1988-06-06,26
1988-06-07,53
1988-06-08,44
1988-06-09,41
1988-06-10,56
1988-06-11,51
1988-06-12,35
1988-06-13,37
1988-06-14,50
1988-06-15,53
1988-06-16,50
1988-06-17,40
1988-06-18,42
1988-06-19,46
1988-06-20,46
1988-06-21,36
1988-06-22,42
1988-06-23,42
1988-06-24,45
1988-06-25,43
1988-06-26,44
1988-06-27,42
1988-06-28,33
1988-06-29,38
1988-06-30,53
1988-07-01,42
1988-07-02,44
1988-07-03,45
1988-07-04,40
1988-07-05,42
1988-07-06,39
1988-07-07,44
1988-07-08,41
1988-07-09,30
1988-07-10,38
1988-07-11,48
1988-07-12,47
1988-07-13,37
1988-07-14,57
1988-07-15,57
1988-07-16,52
1988-07-17,35
1988-07-18,36
1988-07-19,44
1988-07-20,59
1988-07-21,38
1988-07-22,48
1988-07-23,34
1988-07-24,37
1988-07-25,42
1988-07-26,40
1988-07-27,49
1988-07-28,43
1988-07-29,37
1988-07-30,45
1988-07-31,45
1988-08-01,45
1988-08-02,44
1988-08-03,56
1988-08-04,46
1988-08-05,43
1988-08-06,39
1988-08-07,34
1988-08-08,37
1988-08-09,39
1988-08-10,37
1988-08-11,30
1988-08-12,48
1988-08-13,38
1988-08-14,45
1988-08-15,34
1988-08-16,44
1988-08-17,40
1988-08-18,36
1988-08-19,44
1988-08-20,40
1988-08-21,44
1988-08-22,28
1988-08-23,41
1988-08-24,48
1988-08-25,41
1988-08-26,47
1988-08-27,54
1988-08-28,40
1988-08-29,51
1988-08-30,42
1988-08-31,35
1988-09-01,38
1988-09-02,54
1988-09-03,43
1988-09-04,72
1988-09-05,65
1988-09-06,55
1988-09-07,46
1988-09-08,45
1988-09-09,37
1988-09-10,50
1988-09-11,48
1988-09-12,46
1988-09-13,56
1988-09-14,46
1988-09-15,45
1988-09-16,36
1988-09-17,41
1988-09-18,34
1988-09-19,34
1988-09-20,37
1988-09-21,39
1988-09-22,32
1988-09-23,60
1988-09-24,35
1988-09-25,32
1988-09-26,42
1988-09-27,37
1988-09-28,44
1988-09-29,46
1988-09-30,51
1988-10-01,36
1988-10-02,49
1988-10-03,44
1988-10-04,50
1988-10-05,38
1988-10-06,52
1988-10-07,41
1988-10-08,44
1988-10-09,52
1988-10-10,35
1988-10-11,45
1988-10-12,39
1988-10-13,44
1988-10-14,37
1988-10-15,44
1988-10-16,47
1988-10-17,55
1988-10-18,46
1988-10-19,40
1988-10-20,37
1988-10-21,47
1988-10-22,37
1988-10-23,39
1988-10-24,40
1988-10-25,46
1988-10-26,43
1988-10-27,50
1988-10-28,42
1988-10-29,42
1988-10-30,37
1988-10-31,40
1988-11-01,39
1988-11-02,26
1988-11-03,48
1988-11-04,57
1988-11-05,35
1988-11-06,43
1988-11-07,41
1988-11-08,37
1988-11-09,44
1988-11-10,44
1988-11-11,41
1988-11-12,52
1988-11-13,37
1988-11-14,28
1988-11-15,45
1988-11-16,39
1988-11-17,49
1988-11-18,41
1988-11-19,36
1988-11-20,46
1988-11-21,49
1988-11-22,42
1988-11-23,64
1988-11-24,52
1988-11-25,45
1988-11-26,45
1988-11-27,47
1988-11-28,47
1988-11-29,47
1988-11-30,41
1988-12-01,62
1988-12-02,53
1988-12-03,47
1988-12-04,51
1988-12-05,45
1988-12-06,45
1988-12-07,42
1988-12-08,45
1988-12-09,52
1988-12-10,46
1988-12-11,67
1988-12-12,48
1988-12-13,49
1988-12-14,58
1988-12-15,66
1988-12-16,45
1988-12-17,50
1988-12-18,54
1988-12-19,54
1988-12-20,64
1988-12-21,48
1988-12-22,47
1988-12-23,41
1988-12-24,45
1988-12-25,54
1988-12-26,47
1988-12-27,61
1988-12-28,56
1988-12-29,56
1988-12-30,55
1988-12-31,67
1989-01-01,53
1989-01-02,64
1989-01-03,54
1989-01-04,73
1989-01-05,57
1989-01-06,59
1989-01-07,57
1989-01-08,54
1989-01-09,63
1989-01-10,62
1989-01-11,51
1989-01-12,70
1989-01-13,77
1989-01-14,72
1989-01-15,76
1989-01-16,71
1989-01-17,71
1989-01-18,68
1989-01-19,55
1989-01-20,70
1989-01-21,89
1989-01-22,73
1989-01-23,74
1989-01-24,66
1989-01-25,87
1989-01-26,69
1989-01-27,76
1989-01-28,82
1989-01-29,55
1989-01-30,71
1989-01-31,75
1989-02-01,68
1989-02-02,67
1989-02-03,73
1989-02-04,68
1989-02-05,68
1989-02-06,64
1989-02-07,78
1989-02-08,86
1989-02-09,73
1989-02-10,74
1989-02-11,72
1989-02-12,54
1989-02-13,65
1989-02-14,69
1989-02-15,59
1989-02-16,72
1989-02-17,64
1989-02-18,63
1989-02-19,53
1989-02-20,54
1989-02-21,57
1989-02-22,56
1989-02-23,57
1989-02-24,65
1989-02-25,60
1989-02-26,57
1989-02-27,60
1989-02-28,44
1989-03-01,66
1989-03-02,41
1989-03-03,42
1989-03-04,61
1989-03-05,42
1989-03-06,48
1989-03-07,51
1989-03-08,52
1989-03-09,45
1989-03-10,43
1989-03-11,49
1989-03-12,53
1989-03-13,39
1989-03-14,66
1989-03-15,47
1989-03-16,46
1989-03-17,46
1989-03-18,40
1989-03-19,51
1989-03-20,53
1989-03-21,32
1989-03-22,36
1989-03-23,41
1989-03-24,53
1989-03-25,60
1989-03-26,47
1989-03-27,41
1989-03-28,54
1989-03-29,41
1989-03-30,50
1989-03-31,43
1989-04-01,37
1989-04-02,62
1989-04-03,54
1989-04-04,51
1989-04-05,56
1989-04-06,59
1989-04-07,61
1989-04-08,57
1989-04-09,48
1989-04-10,36
1989-04-11,49
1989-04-12,38
1989-04-13,47
1989-04-14,45
1989-04-15,48
1989-04-16,46
1989-04-17,41
1989-04-18,46
1989-04-19,29
1989-04-20,36
1989-04-21,44
1989-04-22,37
1989-04-23,38
1989-04-24,47
1989-04-25,43
1989-04-26,51
1989-04-27,43
1989-04-28,41
1989-04-29,52
1989-04-30,46
1989-05-01,46
1989-05-02,33
1989-05-03,41
1989-05-04,35
1989-05-05,44
1989-05-06,52
1989-05-07,48
1989-05-08,46
1989-05-09,46
1989-05-10,30
1989-05-11,36
1989-05-12,46
1989-05-13,40
1989-05-14,38
1989-05-15,46
1989-05-16,51
1989-05-17,47
1989-05-18,48
1989-05-19,37
1989-05-20,35
1989-05-21,38
1989-05-22,44
1989-05-23,41
1989-05-24,36
1989-05-25,28
1989-05-26,36
1989-05-27,43
1989-05-28,32
1989-05-29,27
1989-05-30,36
1989-05-31,40
1989-06-01,50
1989-06-02,31
1989-06-03,41
1989-06-04,41
1989-06-05,56
1989-06-06,46
1989-06-07,51
1989-06-08,47
1989-06-09,41
1989-06-10,44
1989-06-11,37
1989-06-12,25
1989-06-13,34
1989-06-14,45
1989-06-15,39
1989-06-16,35
1989-06-17,56
1989-06-18,36
1989-06-19,47
1989-06-20,49
1989-06-21,41
1989-06-22,54
1989-06-23,40
1989-06-24,43
1989-06-25,42
1989-06-26,43
1989-06-27,40
1989-06-28,45
1989-06-29,41
1989-06-30,36
1989-07-01,41
1989-07-02,40
1989-07-03,31
1989-07-04,50
1989-07-05,49
1989-07-06,41
1989-07-07,45
1989-07-08,41
1989-07-09,46
1989-07-10,38
1989-07-11,39
1989-07-12,38
1989-07-13,50
1989-07-14,39
1989-07-15,40
1989-07-16,33
1989-07-17,24
1989-07-18,32
1989-07-19,32
1989-07-20,32
1989-07-21,45
1989-07-22,32
1989-07-23,35
1989-07-24,39
1989-07-25,44
1989-07-26,43
1989-07-27,37
1989-07-28,46
1989-07-29,51
1989-07-30,34
1989-07-31,29
1989-08-01,45
1989-08-02,38
1989-08-03,43
1989-08-04,46
1989-08-05,43
1989-08-06,53
1989-08-07,45
1989-08-08,40
1989-08-09,42
1989-08-10,39
1989-08-11,49
1989-08-12,33
1989-08-13,43
1989-08-14,34
1989-08-15,55
1989-08-16,48
1989-08-17,30
1989-08-18,31
1989-08-19,34
1989-08-20,37
1989-08-21,44
1989-08-22,35
1989-08-23,33
1989-08-24,35
1989-08-25,37
1989-08-26,37
1989-08-27,37
1989-08-28,31
1989-08-29,36
1989-08-30,34
1989-08-31,37
1989-09-01,36
1989-09-02,46
1989-09-03,42
1989-09-04,41
1989-09-05,40
1989-09-06,46
1989-09-07,42
1989-09-08,42
1989-09-09,42
1989-09-10,39
1989-09-11,47
1989-09-12,32
1989-09-13,37
1989-09-14,45
1989-09-15,47
1989-09-16,38
1989-09-17,36
1989-09-18,34
1989-09-19,46
1989-09-20,50
1989-09-21,53
1989-09-22,38
1989-09-23,54
1989-09-24,39
1989-09-25,39
1989-09-26,35
1989-09-27,44
1989-09-28,43
1989-09-29,41
1989-09-30,40
1989-10-01,40
1989-10-02,47
1989-10-03,42
1989-10-04,32
1989-10-05,48
1989-10-06,41
1989-10-07,51
1989-10-08,49
1989-10-09,39
1989-10-10,47
1989-10-11,38
1989-10-12,42
1989-10-13,38
1989-10-14,47
1989-10-15,38
1989-10-16,42
1989-10-17,34
1989-10-18,38
1989-10-19,45
1989-10-20,51
1989-10-21,24
1989-10-22,50
1989-10-23,29
1989-10-24,35
1989-10-25,44
1989-10-26,34
1989-10-27,37
1989-10-28,47
1989-10-29,38
1989-10-30,70
1989-10-31,45
1989-11-01,38
1989-11-02,52
1989-11-03,43
1989-11-04,46
1989-11-05,42
1989-11-06,43
1989-11-07,42
1989-11-08,44
1989-11-09,38
1989-11-10,39
1989-11-11,47
1989-11-12,41
1989-11-13,50
1989-11-14,52
1989-11-15,41
1989-11-16,47
1989-11-17,44
1989-11-18,47
1989-11-19,51
1989-11-20,46
1989-11-21,44
1989-11-22,51
1989-11-23,50
1989-11-24,40
1989-11-25,51
1989-11-26,48
1989-11-27,40
1989-11-28,57
1989-11-29,58
1989-11-30,61
1989-12-01,53
1989-12-02,63
1989-12-03,45
1989-12-04,56
1989-12-05,61
1989-12-06,63
1989-12-07,48
1989-12-08,63
1989-12-09,46
1989-12-10,48
1989-12-11,47
1989-12-12,73
1989-12-13,45
1989-12-14,54
1989-12-15,52
1989-12-16,65
1989-12-17,51
1989-12-18,45
1989-12-19,55
1989-12-20,54
1989-12-21,44
1989-12-22,54
1989-12-23,49
1989-12-24,50
1989-12-25,60
1989-12-26,61
1989-12-27,57
1989-12-28,59
1989-12-29,55
1989-12-30,57
1989-12-31,58
1990-01-01,67
1990-01-02,44
1990-01-03,62
1990-01-04,68
1990-01-05,56
1990-01-06,63
1990-01-07,54
1990-01-08,68
1990-01-09,64
1990-01-10,67
1990-01-11,71
1990-01-12,70
1990-01-13,50
1990-01-14,61
1990-01-15,49
1990-01-16,45
1990-01-17,47
1990-01-18,53
1990-01-19,40
1990-01-20,51
1990-01-21,50
1990-01-22,67
1990-01-23,64
1990-01-24,48
1990-01-25,61
1990-01-26,65
1990-01-27,48
1990-01-28,47
1990-01-29,51
1990-01-30,54
1990-01-31,48
1990-02-01,57
1990-02-02,57
1990-02-03,59
1990-02-04,56
1990-02-05,63
1990-02-06,48
1990-02-07,65
1990-02-08,42
1990-02-09,59
1990-02-10,50
1990-02-11,44
1990-02-12,65
1990-02-13,48
1990-02-14,61
1990-02-15,54
1990-02-16,55
1990-02-17,51
1990-02-18,63
1990-02-19,42
1990-02-20,61
1990-02-21,44
1990-02-22,48
1990-02-23,49
1990-02-24,44
1990-02-25,55
1990-02-26,49
1990-02-27,44
1990-02-28,47
1990-03-01,33
1990-03-02,44
1990-03-03,43
1990-03-04,41
1990-03-05,51
1990-03-06,44
1990-03-07,38
1990-03-08,56
1990-03-09,45
1990-03-10,63
1990-03-11,38
1990-03-12,47
1990-03-13,31
1990-03-14,46
1990-03-15,46
1990-03-16,44
1990-03-17,48
1990-03-18,41
1990-03-19,46
1990-03-20,48
1990-03-21,36
1990-03-22,48
1990-03-23,42
1990-03-24,35
1990-03-25,38
1990-03-26,39
1990-03-27,50
1990-03-28,52
1990-03-29,39
1990-03-30,43
1990-03-31,40
1990-04-01,41
1990-04-02,39
1990-04-03,37
1990-04-04,43
1990-04-05,43
1990-04-06,44
1990-04-07,36
1990-04-08,42
1990-04-09,48
1990-04-10,45
1990-04-11,40
1990-04-12,50
1990-04-13,45
1990-04-14,40
1990-04-15,44
1990-04-16,48
1990-04-17,41
1990-04-18,39
1990-04-19,40
1990-04-20,49
1990-04-21,38
1990-04-22,41
1990-04-23,36
1990-04-24,34
1990-04-25,37
1990-04-26,28
1990-04-27,41
1990-04-28,30
1990-04-29,41
1990-04-30,46
1990-05-01,43
1990-05-02,41
1990-05-03,31
1990-05-04,35
1990-05-05,48
1990-05-06,47
1990-05-07,46
1990-05-08,38
1990-05-09,46
1990-05-10,40
1990-05-11,42
1990-05-12,38
1990-05-13,38
1990-05-14,36
1990-05-15,35
1990-05-16,38
1990-05-17,40
1990-05-18,32
1990-05-19,42
1990-05-20,36
1990-05-21,50
1990-05-22,47
1990-05-23,41
1990-05-24,43
1990-05-25,34
1990-05-26,46
1990-05-27,45
1990-05-28,47
1990-05-29,35
1990-05-30,45
1990-05-31,42
1990-06-01,46
1990-06-02,45
1990-06-03,48
1990-06-04,41
1990-06-05,52
1990-06-06,38
1990-06-07,48
1990-06-08,47
1990-06-09,35
1990-06-10,36
1990-06-11,41
1990-06-12,38
1990-06-13,32
1990-06-14,42
1990-06-15,48
1990-06-16,42
1990-06-17,47
1990-06-18,38
1990-06-19,31
1990-06-20,47
1990-06-21,44
1990-06-22,37
1990-06-23,42
1990-06-24,39
1990-06-25,45
1990-06-26,39
1990-06-27,73
1990-06-28,67
1990-06-29,45
1990-06-30,45
1990-07-01,40
1990-07-02,35
1990-07-03,45
1990-07-04,45
1990-07-05,50
1990-07-06,47
1990-07-07,39
1990-07-08,44
1990-07-09,36
1990-07-10,43
1990-07-11,30
1990-07-12,43
1990-07-13,37
1990-07-14,55
1990-07-15,41
1990-07-16,45
1990-07-17,38
1990-07-18,40
1990-07-19,37
1990-07-20,39
1990-07-21,42
1990-07-22,46
1990-07-23,42
1990-07-24,43
1990-07-25,36
1990-07-26,40
1990-07-27,32
1990-07-28,42
1990-07-29,31
1990-07-30,41
1990-07-31,46
1990-08-01,34
1990-08-02,44
1990-08-03,40
1990-08-04,36
1990-08-05,39
1990-08-06,36
1990-08-07,40
1990-08-08,37
1990-08-09,36
1990-08-10,32
1990-08-11,29
1990-08-12,42
1990-08-13,29
1990-08-14,37
1990-08-15,44
1990-08-16,37
1990-08-17,34
1990-08-18,38
1990-08-19,34
1990-08-20,41
1990-08-21,36
1990-08-22,48
1990-08-23,51
1990-08-24,46
1990-08-25,38
1990-08-26,46
1990-08-27,40
1990-08-28,38
1990-08-29,41
1990-08-30,37
1990-08-31,39
1990-09-01,47
1990-09-02,44
1990-09-03,45
1990-09-04,46
1990-09-05,29
1990-09-06,33
1990-09-07,41
1990-09-08,41
1990-09-09,38
1990-09-10,40
1990-09-11,47
1990-09-12,43
1990-09-13,29
1990-09-14,45
1990-09-15,36
1990-09-16,52
1990-09-17,42
1990-09-18,44
1990-09-19,59
1990-09-20,45
1990-09-21,44
1990-09-22,42
1990-09-23,42
1990-09-24,28
1990-09-25,36
1990-09-26,35
1990-09-27,42
1990-09-28,37
1990-09-29,35
1990-09-30,45
1990-10-01,42
1990-10-02,41
1990-10-03,38
1990-10-04,47
1990-10-05,36
1990-10-06,37
1990-10-07,44
1990-10-08,38
1990-10-09,39
1990-10-10,37
1990-10-11,43
1990-10-12,38
1990-10-13,34
1990-10-14,37
1990-10-15,46
1990-10-16,29
1990-10-17,37
1990-10-18,46
1990-10-19,41
1990-10-20,35
1990-10-21,43
1990-10-22,33
1990-10-23,53
1990-10-24,33
1990-10-25,39
1990-10-26,39
1990-10-27,51
1990-10-28,56
1990-10-29,33
1990-10-30,57
1990-10-31,50
1990-11-01,45
1990-11-02,48
1990-11-03,45
1990-11-04,40
1990-11-05,40
1990-11-06,52
1990-11-07,53
1990-11-08,43
1990-11-09,45
1990-11-10,47
1990-11-11,35
1990-11-12,41
1990-11-13,51
1990-11-14,38
1990-11-15,41
1990-11-16,42
1990-11-17,35
1990-11-18,36
1990-11-19,42
1990-11-20,43
1990-11-21,42
1990-11-22,48
1990-11-23,37
1990-11-24,41
1990-11-25,51
1990-11-26,34
1990-11-27,42
1990-11-28,57
1990-11-29,33
1990-11-30,40
1990-12-01,50
1990-12-02,47
1990-12-03,46
1990-12-04,47
1990-12-05,47
1990-12-06,49
1990-12-07,40
1990-12-08,60
1990-12-09,43
1990-12-10,58
1990-12-11,47
1990-12-12,48
1990-12-13,47
1990-12-14,47
1990-12-15,52
1990-12-16,47
1990-12-17,52
1990-12-18,54
1990-12-19,48
1990-12-20,57
1990-12-21,39
1990-12-22,54
1990-12-23,53
1990-12-24,66
1990-12-25,47
1990-12-26,54
1990-12-27,52
1990-12-28,60
1990-12-29,55
1990-12-30,43
1990-12-31,55
1991-01-01,44
1991-01-02,55
1991-01-03,50
1991-01-04,61
1991-01-05,49
1991-01-06,48
1991-01-07,54
1991-01-08,52
1991-01-09,50
1991-01-10,44
1991-01-11,57
1991-01-12,48
1991-01-13,53
1991-01-14,60
1991-01-15,58
1991-01-16,46
1991-01-17,52
1991-01-18,41
1991-01-19,48
1991-01-20,44
1991-01-21,44
1991-01-22,41
1991-01-23,47
1991-01-24,35
1991-01-25,40
1991-01-26,49
1991-01-27,42
1991-01-28,57
1991-01-29,38
1991-01-30,47
1991-01-31,48
1991-02-01,55
1991-02-02,52
1991-02-03,40
1991-02-04,54
1991-02-05,40
1991-02-06,61
1991-02-07,50
1991-02-08,58
1991-02-09,48
1991-02-10,49
1991-02-11,47
1991-02-12,41
1991-02-13,41
1991-02-14,44
1991-02-15,49
1991-02-16,55
1991-02-17,42
1991-02-18,42
1991-02-19,44
1991-02-20,66
1991-02-21,58
1991-02-22,35
1991-02-23,38
1991-02-24,60
1991-02-25,43
1991-02-26,34
1991-02-27,37
1991-02-28,44
1991-03-01,47
1991-03-02,43
1991-03-03,41
1991-03-04,66
1991-03-05,56
1991-03-06,37
1991-03-07,40
1991-03-08,24
1991-03-09,56
1991-03-10,48
1991-03-11,52
1991-03-12,47
1991-03-13,37
1991-03-14,44
1991-03-15,45
1991-03-16,38
1991-03-17,54
1991-03-18,51
1991-03-19,50
1991-03-20,37
1991-03-21,34
1991-03-22,45
1991-03-23,49
1991-03-24,44
1991-03-25,46
1991-03-26,48
1991-03-27,39
1991-03-28,60
1991-03-29,54
1991-03-30,45
1991-03-31,41
1991-04-01,53
1991-04-02,55
1991-04-03,48
1991-04-04,58
1991-04-05,41
1991-04-06,48
1991-04-07,50
1991-04-08,45
1991-04-09,41
1991-04-10,35
1991-04-11,34
1991-04-12,44
1991-04-13,27
1991-04-14,52
1991-04-15,46
1991-04-16,48
1991-04-17,33
1991-04-18,51
1991-04-19,57
1991-04-20,43
1991-04-21,48
1991-04-22,42
1991-04-23,38
1991-04-24,46
1991-04-25,41
1991-04-26,49
1991-04-27,52
1991-04-28,39
1991-04-29,51
1991-04-30,47
1991-05-01,53
1991-05-02,51
1991-05-03,35
1991-05-04,48
1991-05-05,44
1991-05-06,55
1991-05-07,47
1991-05-08,36
1991-05-09,35
1991-05-10,39
1991-05-11,40
1991-05-12,43
1991-05-13,49
1991-05-14,48
1991-05-15,44
1991-05-16,43
1991-05-17,44
1991-05-18,43
1991-05-19,39
1991-05-20,50
1991-05-21,38
1991-05-22,45
1991-05-23,38
1991-05-24,46
1991-05-25,43
1991-05-26,44
1991-05-27,34
1991-05-28,34
1991-05-29,37
1991-05-30,41
1991-05-31,49
1991-06-01,52
1991-06-02,48
1991-06-03,37
1991-06-04,49
1991-06-05,24
1991-06-06,36
1991-06-07,34
1991-06-08,42
1991-06-09,47
1991-06-10,50
1991-06-11,44
1991-06-12,35
1991-06-13,32
1991-06-14,47
1991-06-15,43
1991-06-16,36
1991-06-17,45
1991-06-18,36
1991-06-19,48
1991-06-20,46
1991-06-21,50
1991-06-22,52
1991-06-23,28
1991-06-24,46
1991-06-25,49
1991-06-26,41
1991-06-27,38
1991-06-28,39
1991-06-29,47
1991-06-30,36
1991-07-01,44
1991-07-02,39
1991-07-03,42
1991-07-04,39
1991-07-05,39
1991-07-06,35
1991-07-07,41
1991-07-08,44
1991-07-09,29
1991-07-10,43
1991-07-11,32
1991-07-12,38
1991-07-13,37
1991-07-14,47
1991-07-15,39
1991-07-16,34
1991-07-17,55
1991-07-18,28
1991-07-19,36
1991-07-20,31
1991-07-21,30
1991-07-22,33
1991-07-23,44
1991-07-24,38
1991-07-25,28
1991-07-26,28
1991-07-27,38
1991-07-28,29
1991-07-29,34
1991-07-30,37
1991-07-31,44
1991-08-01,42
1991-08-02,39
1991-08-03,37
1991-08-04,32
1991-08-05,38
1991-08-06,36
1991-08-07,34
1991-08-08,32
1991-08-09,37
1991-08-10,47
1991-08-11,45
1991-08-12,29
1991-08-13,51
1991-08-14,33
1991-08-15,36
1991-08-16,43
1991-08-17,36
1991-08-18,29
1991-08-19,34
1991-08-20,37
1991-08-21,42
1991-08-22,43
1991-08-23,36
1991-08-24,45
1991-08-25,39
1991-08-26,37
1991-08-27,31
1991-08-28,36
1991-08-29,39
1991-08-30,39
1991-08-31,49
1991-09-01,47
1991-09-02,47
1991-09-03,41
1991-09-04,38
1991-09-05,45
1991-09-06,35
1991-09-07,40
1991-09-08,35
1991-09-09,39
1991-09-10,37
1991-09-11,38
1991-09-12,27
1991-09-13,35
1991-09-14,46
1991-09-15,36
1991-09-16,41
1991-09-17,40
1991-09-18,23
1991-09-19,40
1991-09-20,40
1991-09-21,39
1991-09-22,43
1991-09-23,40
1991-09-24,45
1991-09-25,38
1991-09-26,33
1991-09-27,40
1991-09-28,37
1991-09-29,42
1991-09-30,43
1991-10-01,44
1991-10-02,50
1991-10-03,47
1991-10-04,40
1991-10-05,41
1991-10-06,45
1991-10-07,42
1991-10-08,44
1991-10-09,41
1991-10-10,40
1991-10-11,38
1991-10-12,55
1991-10-13,42
1991-10-14,42
1991-10-15,46
1991-10-16,37
1991-10-17,35
1991-10-18,34
1991-10-19,49
1991-10-20,38
1991-10-21,41
1991-10-22,48
1991-10-23,41
1991-10-24,34
1991-10-25,27
1991-10-26,42
1991-10-27,36
1991-10-28,54
1991-10-29,34
1991-10-30,47
1991-10-31,38
1991-11-01,44
1991-11-02,36
1991-11-03,54
1991-11-04,51
1991-11-05,60
1991-11-06,47
1991-11-07,49
1991-11-08,50
1991-11-09,38
1991-11-10,51
1991-11-11,48
1991-11-12,42
1991-11-13,34
1991-11-14,43
1991-11-15,41
1991-11-16,49
1991-11-17,43
1991-11-18,44
1991-11-19,45
1991-11-20,38
1991-11-21,41
1991-11-22,59
1991-11-23,47
1991-11-24,39
1991-11-25,55
1991-11-26,43
1991-11-27,43
1991-11-28,28
1991-11-29,43
1991-11-30,44
1991-12-01,49
1991-12-02,44
1991-12-03,41
1991-12-04,41
1991-12-05,53
1991-12-06,39
1991-12-07,53
1991-12-08,62
1991-12-09,46
1991-12-10,52
1991-12-11,58
1991-12-12,45
1991-12-13,56
1991-12-14,37
1991-12-15,55
1991-12-16,49
1991-12-17,53
1991-12-18,60
1991-12-19,40
1991-12-20,50
1991-12-21,68
1991-12-22,53
1991-12-23,56
1991-12-24,65
1991-12-25,72
1991-12-26,41
1991-12-27,69
1991-12-28,69
1991-12-29,62
1991-12-30,60
1991-12-31,68
1992-01-01,63
1992-01-02,75
1992-01-03,73
1992-01-04,52
1992-01-05,52
1992-01-06,61
1992-01-07,58
1992-01-08,51
1992-01-09,50
1992-01-10,65
1992-01-11,61
1992-01-12,46
1992-01-13,60
1992-01-14,50
1992-01-15,59
1992-01-16,47
1992-01-17,58
1992-01-18,69
1992-01-19,66
1992-01-20,56
1992-01-21,57
1992-01-22,49
1992-01-23,56
1992-01-24,56
1992-01-25,52
1992-01-26,58
1992-01-27,47
1992-01-28,66
1992-01-29,58
1992-01-30,57
1992-01-31,54
1992-02-01,54
1992-02-02,52
1992-02-03,52
1992-02-04,47
1992-02-05,52
1992-02-06,50
1992-02-07,46
1992-02-08,51
1992-02-09,44
1992-02-10,54
1992-02-11,50
1992-02-12,64
1992-02-13,43
1992-02-14,42
1992-02-15,42
1992-02-16,53
1992-02-17,48
1992-02-18,54
1992-02-19,34
1992-02-20,54
1992-02-21,43
1992-02-22,37
1992-02-23,43
1992-02-24,41
1992-02-25,50
1992-02-26,39
1992-02-27,35
1992-02-28,46
1992-02-29,50
1992-03-01,39
1992-03-02,50
1992-03-03,41
1992-03-04,51
1992-03-05,43
1992-03-06,59
1992-03-07,48
1992-03-08,37
1992-03-09,55
1992-03-10,41
1992-03-11,47
1992-03-12,43
1992-03-13,45
1992-03-14,42
1992-03-15,58
1992-03-16,50
1992-03-17,41
1992-03-18,44
1992-03-19,46
1992-03-20,38
1992-03-21,45
1992-03-22,50
1992-03-23,45
1992-03-24,43
1992-03-25,41
1992-03-26,44
1992-03-27,48
1992-03-28,42
1992-03-29,45
1992-03-30,40
1992-03-31,48
1992-04-01,52
1992-04-02,61
1992-04-03,40
1992-04-04,37
1992-04-05,51
1992-04-06,47
1992-04-07,37
1992-04-08,47
1992-04-09,36
1992-04-10,44
1992-04-11,48
1992-04-12,45
1992-04-13,43
1992-04-14,36
1992-04-15,47
1992-04-16,60
1992-04-17,37
1992-04-18,50
1992-04-19,39
1992-04-20,54
1992-04-21,40
1992-04-22,42
1992-04-23,36
1992-04-24,53
1992-04-25,40
1992-04-26,71
1992-04-27,48
1992-04-28,46
1992-04-29,44
1992-04-30,49
1992-05-01,54
1992-05-02,38
1992-05-03,46
1992-05-04,43
1992-05-05,46
1992-05-06,35
1992-05-07,42
1992-05-08,35
1992-05-09,26
1992-05-10,38
1992-05-11,41
1992-05-12,33
1992-05-13,28
1992-05-14,38
1992-05-15,38
1992-05-16,38
1992-05-17,39
1992-05-18,34
1992-05-19,39
1992-05-20,44
1992-05-21,38
1992-05-22,41
1992-05-23,40
1992-05-24,31
1992-05-25,32
1992-05-26,26
1992-05-27,43
1992-05-28,31
1992-05-29,37
1992-05-30,29
1992-05-31,37
1992-06-01,35
1992-06-02,42
1992-06-03,51
1992-06-04,43
1992-06-05,47
1992-06-06,45
1992-06-07,41
1992-06-08,46
1992-06-09,35
1992-06-10,28
1992-06-11,32
1992-06-12,35
1992-06-13,40
1992-06-14,42
1992-06-15,36
1992-06-16,42
1992-06-17,37
1992-06-18,37
1992-06-19,32
1992-06-20,40
1992-06-21,43
1992-06-22,46
1992-06-23,42
1992-06-24,35
1992-06-25,34
1992-06-26,24
1992-06-27,40
1992-06-28,40
1992-06-29,41
1992-06-30,41
1992-07-01,33
1992-07-02,33
1992-07-03,37
1992-07-04,49
1992-07-05,55
1992-07-06,43
1992-07-07,31
1992-07-08,48
1992-07-09,45
1992-07-10,37
1992-07-11,38
1992-07-12,23
1992-07-13,37
1992-07-14,45
1992-07-15,41
1992-07-16,40
1992-07-17,50
1992-07-18,33
1992-07-19,40
1992-07-20,36
1992-07-21,43
1992-07-22,28
1992-07-23,45
1992-07-24,40
1992-07-25,43
1992-07-26,44
1992-07-27,29
1992-07-28,40
1992-07-29,35
1992-07-30,48
1992-07-31,38
1992-08-01,29
1992-08-02,41
1992-08-03,43
1992-08-04,45
1992-08-05,40
1992-08-06,38
1992-08-07,44
1992-08-08,39
1992-08-09,18
1992-08-10,27
1992-08-11,39
1992-08-12,39
1992-08-13,48
1992-08-14,42
1992-08-15,47
1992-08-16,61
1992-08-17,51
1992-08-18,52
1992-08-19,45
1992-08-20,43
1992-08-21,42
1992-08-22,35
1992-08-23,51
1992-08-24,43
1992-08-25,42
1992-08-26,41
1992-08-27,44
1992-08-28,40
1992-08-29,29
1992-08-30,35
1992-08-31,31
1992-09-01,39
1992-09-02,25
1992-09-03,31
1992-09-04,34
1992-09-05,43
1992-09-06,38
1992-09-07,30
1992-09-08,37
1992-09-09,39
1992-09-10,26
1992-09-11,46
1992-09-12,44
1992-09-13,29
1992-09-14,37
1992-09-15,32
1992-09-16,38
1992-09-17,38
1992-09-18,44
1992-09-19,46
1992-09-20,50
1992-09-21,50
1992-09-22,38
1992-09-23,49
1992-09-24,47
1992-09-25,39
1992-09-26,30
1992-09-27,37
1992-09-28,40
1992-09-29,36
1992-09-30,32
1992-10-01,44
1992-10-02,40
1992-10-03,44
1992-10-04,35
1992-10-05,44
1992-10-06,29
1992-10-07,40
1992-10-08,34
1992-10-09,43
1992-10-10,35
1992-10-11,35
1992-10-12,42
1992-10-13,37
1992-10-14,47
1992-10-15,35
1992-10-16,45
1992-10-17,52
1992-10-18,42
1992-10-19,45
1992-10-20,37
1992-10-21,36
1992-10-22,36
1992-10-23,36
1992-10-24,35
1992-10-25,39
1992-10-26,41
1992-10-27,31
1992-10-28,45
1992-10-29,35
1992-10-30,56
1992-10-31,34
1992-11-01,34
1992-11-02,38
1992-11-03,44
1992-11-04,51
1992-11-05,37
1992-11-06,45
1992-11-07,39
1992-11-08,34
1992-11-09,53
1992-11-10,46
1992-11-11,38
1992-11-12,44
1992-11-13,42
1992-11-14,49
1992-11-15,42
1992-11-16,33
1992-11-17,38
1992-11-18,44
1992-11-19,52
1992-11-20,46
1992-11-21,55
1992-11-22,39
1992-11-23,48
1992-11-24,45
1992-11-25,44
1992-11-26,43
1992-11-27,51
1992-11-28,60
1992-11-29,49
1992-11-30,36
1992-12-01,42
1992-12-02,50
1992-12-03,45
1992-12-04,52
1992-12-05,53
1992-12-06,39
1992-12-07,52
1992-12-08,50
1992-12-09,32
1992-12-10,46
1992-12-11,33
1992-12-12,51
1992-12-13,63
1992-12-14,53
1992-12-15,47
1992-12-16,54
1992-12-17,45
1992-12-18,55
1992-12-19,46
1992-12-20,39
1992-12-21,48
1992-12-22,73
1992-12-23,43
1992-12-24,44
1992-12-25,59
1992-12-26,57
1992-12-27,47
1992-12-28,56
1992-12-29,52
1992-12-30,54
1992-12-31,42
1993-01-01,60
1993-01-02,52
1993-01-03,38
1993-01-04,54
1993-01-05,60
1993-01-06,59
1993-01-07,64
1993-01-08,40
1993-01-09,58
1993-01-10,54
1993-01-11,53
1993-01-12,51
1993-01-13,47
1993-01-14,57
1993-01-15,43
1993-01-16,39
1993-01-17,50
1993-01-18,51
1993-01-19,48
1993-01-20,58
1993-01-21,47
1993-01-22,38
1993-01-23,59
1993-01-24,51
1993-01-25,58
1993-01-26,32
1993-01-27,42
1993-01-28,47
1993-01-29,50
1993-01-30,54
1993-01-31,44
1993-02-01,44
1993-02-02,49
1993-02-03,47
1993-02-04,61
1993-02-05,42
1993-02-06,53
1993-02-07,49
1993-02-08,40
1993-02-09,49
1993-02-10,45
1993-02-11,42
1993-02-12,51
1993-02-13,46
1993-02-14,51
1993-02-15,59
1993-02-16,56
1993-02-17,53
1993-02-18,52
1993-02-19,50
1993-02-20,59
1993-02-21,43
1993-02-22,45
1993-02-23,56
1993-02-24,49
1993-02-25,37
1993-02-26,53
1993-02-27,45
1993-02-28,52
1993-03-01,55
1993-03-02,49
1993-03-03,59
1993-03-04,54
1993-03-05,51
1993-03-06,51
1993-03-07,48
1993-03-08,59
1993-03-09,47
1993-03-10,50
1993-03-11,52
1993-03-12,53
1993-03-13,41
1993-03-14,47
1993-03-15,54
1993-03-16,49
1993-03-17,35
1993-03-18,43
1993-03-19,41
1993-03-20,51
1993-03-21,43
1993-03-22,42
1993-03-23,48
1993-03-24,42
1993-03-25,49
1993-03-26,43
1993-03-27,55
1993-03-28,35
1993-03-29,53
1993-03-30,47
1993-03-31,45
1993-04-01,52
1993-04-02,55
1993-04-03,43
1993-04-04,50
1993-04-05,38
1993-04-06,50
1993-04-07,46
1993-04-08,33
1993-04-09,41
1993-04-10,46
1993-04-11,46
1993-04-12,47
1993-04-13,61
1993-04-14,41
1993-04-15,39
1993-04-16,53
1993-04-17,40
1993-04-18,42
1993-04-19,45
1993-04-20,53
1993-04-21,34
1993-04-22,42
1993-04-23,54
1993-04-24,41
1993-04-25,34
1993-04-26,54
1993-04-27,40
1993-04-28,42
1993-04-29,34
1993-04-30,38
1993-05-01,40
1993-05-02,53
1993-05-03,46
1993-05-04,26
1993-05-05,48
1993-05-06,43
1993-05-07,44
1993-05-08,31
1993-05-09,49
1993-05-10,46
1993-05-11,38
1993-05-12,45
1993-05-13,37
1993-05-14,40
1993-05-15,44
1993-05-16,39
1993-05-17,49
1993-05-18,36
1993-05-19,53
1993-05-20,29
1993-05-21,41
1993-05-22,41
1993-05-23,48
1993-05-24,40
1993-05-25,58
1993-05-26,38
1993-05-27,34
1993-05-28,41
1993-05-29,38
1993-05-30,42
1993-05-31,41
1993-06-01,30
1993-06-02,48
1993-06-03,29
1993-06-04,38
1993-06-05,33
1993-06-06,29
1993-06-07,46
1993-06-08,30
1993-06-09,51
1993-06-10,44
1993-06-11,48
1993-06-12,45
1993-06-13,37
1993-06-14,50
1993-06-15,31
1993-06-16,29
1993-06-17,38
1993-06-18,30
1993-06-19,29
1993-06-20,47
1993-06-21,36
1993-06-22,35
1993-06-23,35
1993-06-24,34
1993-06-25,38
1993-06-26,41
1993-06-27,35
1993-06-28,37
1993-06-29,27
1993-06-30,37
1993-07-01,40
1993-07-02,37
1993-07-03,31
1993-07-04,36
1993-07-05,36
1993-07-06,41
1993-07-07,39
1993-07-08,41
1993-07-09,51
1993-07-10,41
1993-07-11,34
1993-07-12,39
1993-07-13,42
1993-07-14,30
1993-07-15,37
1993-07-16,41
1993-07-17,34
1993-07-18,33
1993-07-19,34
1993-07-20,43
1993-07-21,29
1993-07-22,42
1993-07-23,38
1993-07-24,36
1993-07-25,47
1993-07-26,40
1993-07-27,30
1993-07-28,37
1993-07-29,39
1993-07-30,41
1993-07-31,41
1993-08-01,49
1993-08-02,45
1993-08-03,42
1993-08-04,28
1993-08-05,39
1993-08-06,37
1993-08-07,31
1993-08-08,29
1993-08-09,30
1993-08-10,41
1993-08-11,36
1993-08-12,40
1993-08-13,38
1993-08-14,44
1993-08-15,34
1993-08-16,34
1993-08-17,31
1993-08-18,32
1993-08-19,35
1993-08-20,48
1993-08-21,38
1993-08-22,35
1993-08-23,47
1993-08-24,43
1993-08-25,36
1993-08-26,37
1993-08-27,39
1993-08-28,37
1993-08-29,38
1993-08-30,34
1993-08-31,39
1993-09-01,49
1993-09-02,50
1993-09-03,35
1993-09-04,39
1993-09-05,41
1993-09-06,40
1993-09-07,38
1993-09-08,33
1993-09-09,39
1993-09-10,35
1993-09-11,39
1993-09-12,40
1993-09-13,32
1993-09-14,44
1993-09-15,40
1993-09-16,44
1993-09-17,33
1993-09-18,28
1993-09-19,31
1993-09-20,43
1993-09-21,34
1993-09-22,39
1993-09-23,37
1993-09-24,35
1993-09-25,39
1993-09-26,52
1993-09-27,39
1993-09-28,47
1993-09-29,51
1993-09-30,53
1993-10-01,42
1993-10-02,38
1993-10-03,41
1993-10-04,33
1993-10-05,32
1993-10-06,46
1993-10-07,41
1993-10-08,53
1993-10-09,32
1993-10-10,48
1993-10-11,41
1993-10-12,32
1993-10-13,41
1993-10-14,28
1993-10-15,31
1993-10-16,47
1993-10-17,40
1993-10-18,40
1993-10-19,35
1993-10-20,52
1993-10-21,51
1993-10-22,36
1993-10-23,41
1993-10-24,51
1993-10-25,30
1993-10-26,57
1993-10-27,30
1993-10-28,30
1993-10-29,49
1993-10-30,36
1993-10-31,45
1993-11-01,40
1993-11-02,48
1993-11-03,46
1993-11-04,47
1993-11-05,56
1993-11-06,41
1993-11-07,39
1993-11-08,53
1993-11-09,45
1993-11-10,44
1993-11-11,42
1993-11-12,43
1993-11-13,37
1993-11-14,40
1993-11-15,40
1993-11-16,53
1993-11-17,57
1993-11-18,40
1993-11-19,45
1993-11-20,31
1993-11-21,45
1993-11-22,45
1993-11-23,53
1993-11-24,50
1993-11-25,35
1993-11-26,47
1993-11-27,62
1993-11-28,55
1993-11-29,40
1993-11-30,56
1993-12-01,47
1993-12-02,57
1993-12-03,49
1993-12-04,53
1993-12-05,62
1993-12-06,47
1993-12-07,61
1993-12-08,54
1993-12-09,36
1993-12-10,54
1993-12-11,50
1993-12-12,57
1993-12-13,62
1993-12-14,67
1993-12-15,49
1993-12-16,61
1993-12-17,57
1993-12-18,69
1993-12-19,52
1993-12-20,63
1993-12-21,62
1993-12-22,81
1993-12-23,63
1993-12-24,67
1993-12-25,62
1993-12-26,68
1993-12-27,84
1993-12-28,77
1993-12-29,58
1993-12-30,75
1993-12-31,64
1994-01-01,65
1994-01-02,64
1994-01-03,57
1994-01-04,67
1994-01-05,81
1994-01-06,70
1994-01-07,62
1994-01-08,76
1994-01-09,62
1994-01-10,73
1994-01-11,67
1994-01-12,60
1994-01-13,78
1994-01-14,58
1994-01-15,56
1994-01-16,49
1994-01-17,90
1994-01-18,57
1994-01-19,53
1994-01-20,60
1994-01-21,53
1994-01-22,61
1994-01-23,57
1994-01-24,36
1994-01-25,50
1994-01-26,58
1994-01-27,46
1994-01-28,47
1994-01-29,58
1994-01-30,48
1994-01-31,59
1994-02-01,55
1994-02-02,50
1994-02-03,67
1994-02-04,66
1994-02-05,64
1994-02-06,52
1994-02-07,53
1994-02-08,51
1994-02-09,41
1994-02-10,44
1994-02-11,48
1994-02-12,44
1994-02-13,45
1994-02-14,49
1994-02-15,56
1994-02-16,65
1994-02-17,50
1994-02-18,44
1994-02-19,54
1994-02-20,48
1994-02-21,51
1994-02-22,55
1994-02-23,47
1994-02-24,44
1994-02-25,59
1994-02-26,58
1994-02-27,45
1994-02-28,51
1994-03-01,53
1994-03-02,48
1994-03-03,42
1994-03-04,50
1994-03-05,46
1994-03-06,36
1994-03-07,45
1994-03-08,44
1994-03-09,50
1994-03-10,38
1994-03-11,44
1994-03-12,34
1994-03-13,51
1994-03-14,44
1994-03-15,54
1994-03-16,47
1994-03-17,46
1994-03-18,52
1994-03-19,51
1994-03-20,45
1994-03-21,29
1994-03-22,46
1994-03-23,33
1994-03-24,47
1994-03-25,44
1994-03-26,36
1994-03-27,40
1994-03-28,41
1994-03-29,37
1994-03-30,42
1994-03-31,43
1994-04-01,36
1994-04-02,51
1994-04-03,36
1994-04-04,52
1994-04-05,52
1994-04-06,38
1994-04-07,33
1994-04-08,35
1994-04-09,49
1994-04-10,46
1994-04-11,42
1994-04-12,42
1994-04-13,38
1994-04-14,50
1994-04-15,50
1994-04-16,38
1994-04-17,48
1994-04-18,47
1994-04-19,38
1994-04-20,49
1994-04-21,48
1994-04-22,53
1994-04-23,51
1994-04-24,32
1994-04-25,51
1994-04-26,45
1994-04-27,31
1994-04-28,41
1994-04-29,41
1994-04-30,30
1994-05-01,49
1994-05-02,48
1994-05-03,51
1994-05-04,46
1994-05-05,49
1994-05-06,42
1994-05-07,48
1994-05-08,50
1994-05-09,39
1994-05-10,42
1994-05-11,47
1994-05-12,35
1994-05-13,48
1994-05-14,39
1994-05-15,42
1994-05-16,44
1994-05-17,43
1994-05-18,39
1994-05-19,41
1994-05-20,38
1994-05-21,44
1994-05-22,49
1994-05-23,43
1994-05-24,37
1994-05-25,31
1994-05-26,40
1994-05-27,56
1994-05-28,40
1994-05-29,43
1994-05-30,51
1994-05-31,47
1994-06-01,42
1994-06-02,51
1994-06-03,41
1994-06-04,33
1994-06-05,31
1994-06-06,42
1994-06-07,29
1994-06-08,39
1994-06-09,38
1994-06-10,33
1994-06-11,50
1994-06-12,32
1994-06-13,44
1994-06-14,44
1994-06-15,40
1994-06-16,39
1994-06-17,28
1994-06-18,42
1994-06-19,29
1994-06-20,49
1994-06-21,43
1994-06-22,37
1994-06-23,40
1994-06-24,38
1994-06-25,36
1994-06-26,35
1994-06-27,41
1994-06-28,49
1994-06-29,37
1994-06-30,46
1994-07-01,44
1994-07-02,36
1994-07-03,35
1994-07-04,51
1994-07-05,37
1994-07-06,41
1994-07-07,38
1994-07-08,39
1994-07-09,37
1994-07-10,35
1994-07-11,42
1994-07-12,41
1994-07-13,33
1994-07-14,44
1994-07-15,43
1994-07-16,36
1994-07-17,39
1994-07-18,36
1994-07-19,43
1994-07-20,35
1994-07-21,43
1994-07-22,41
1994-07-23,41
1994-07-24,45
1994-07-25,37
1994-07-26,38
1994-07-27,43
1994-07-28,40
1994-07-29,43
1994-07-30,34
1994-07-31,27
1994-08-01,50
1994-08-02,30
1994-08-03,36
1994-08-04,32
1994-08-05,33
1994-08-06,38
1994-08-07,46
1994-08-08,30
1994-08-09,36
1994-08-10,33
1994-08-11,48
1994-08-12,44
1994-08-13,50
1994-08-14,49
1994-08-15,59
1994-08-16,48
1994-08-17,51
1994-08-18,52
1994-08-19,44
1994-08-20,36
1994-08-21,41
1994-08-22,46
1994-08-23,33
1994-08-24,41
1994-08-25,38
1994-08-26,50
1994-08-27,31
1994-08-28,33
1994-08-29,45
1994-08-30,33
1994-08-31,29
1994-09-01,47
1994-09-02,36
1994-09-03,45
1994-09-04,40
1994-09-05,37
1994-09-06,41
1994-09-07,49
1994-09-08,32
1994-09-09,28
1994-09-10,42
1994-09-11,39
1994-09-12,42
1994-09-13,37
1994-09-14,34
1994-09-15,37
1994-09-16,44
1994-09-17,43
1994-09-18,30
1994-09-19,41
1994-09-20,39
1994-09-21,47
1994-09-22,34
1994-09-23,27
1994-09-24,34
1994-09-25,26
1994-09-26,31
1994-09-27,38
1994-09-28,35
1994-09-29,32
1994-09-30,33
1994-10-01,41
1994-10-02,28
1994-10-03,52
1994-10-04,33
1994-10-05,46
1994-10-06,33
1994-10-07,32
1994-10-08,47
1994-10-09,50
1994-10-10,41
1994-10-11,49
1994-10-12,49
1994-10-13,41
1994-10-14,44
1994-10-15,50
1994-10-16,45
1994-10-17,38
1994-10-18,40
1994-10-19,42
1994-10-20,40
1994-10-21,54
1994-10-22,41
1994-10-23,39
1994-10-24,45
1994-10-25,45
1994-10-26,47
1994-10-27,42
1994-10-28,47
1994-10-29,41
1994-10-30,45
1994-10-31,43
1994-11-01,48
1994-11-02,45
1994-11-03,39
1994-11-04,37
1994-11-05,48
1994-11-06,42
1994-11-07,41
1994-11-08,47
1994-11-09,38
1994-11-10,33
1994-11-11,45
1994-11-12,36
1994-11-13,50
1994-11-14,47
1994-11-15,45
1994-11-16,43
1994-11-17,46
1994-11-18,47
1994-11-19,44
1994-11-20,43
1994-11-21,52
1994-11-22,48
1994-11-23,41
1994-11-24,50
1994-11-25,46
1994-11-26,44
1994-11-27,53
1994-11-28,54
1994-11-29,58
1994-11-30,52
1994-12-01,41
1994-12-02,37
1994-12-03,40
1994-12-04,58
1994-12-05,50
1994-12-06,42
1994-12-07,53
1994-12-08,42
1994-12-09,50
1994-12-10,45
1994-12-11,47
1994-12-12,52
1994-12-13,36
1994-12-14,51
1994-12-15,43
1994-12-16,57
1994-12-17,51
1994-12-18,46
1994-12-19,40
1994-12-20,49
1994-12-21,45
1994-12-22,49
1994-12-23,44
1994-12-24,61
1994-12-25,56
1994-12-26,44
1994-12-27,34
1994-12-28,42
1994-12-29,63
1994-12-30,34
1994-12-31,49
1995-01-01,57
1995-01-02,44
1995-01-03,32
1995-01-04,49
1995-01-05,36
1995-01-06,47
1995-01-07,62
1995-01-08,47
1995-01-09,51
1995-01-10,44
1995-01-11,44
1995-01-12,42
1995-01-13,43
1995-01-14,43
1995-01-15,55
1995-01-16,32
1995-01-17,41
1995-01-18,51
1995-01-19,51
1995-01-20,53
1995-01-21,54
1995-01-22,37
1995-01-23,49
1995-01-24,34
1995-01-25,43
1995-01-26,50
1995-01-27,44
1995-01-28,35
1995-01-29,45
1995-01-30,48
1995-01-31,39
1995-02-01,42
1995-02-02,48
1995-02-03,40
1995-02-04,43
1995-02-05,30
1995-02-06,50
1995-02-07,43
1995-02-08,43
1995-02-09,51
1995-02-10,46
1995-02-11,42
1995-02-12,32
1995-02-13,46
1995-02-14,54
1995-02-15,47
1995-02-16,45
1995-02-17,44
1995-02-18,50
1995-02-19,44
1995-02-20,59
1995-02-21,56
1995-02-22,29
1995-02-23,46
1995-02-24,42
1995-02-25,46
1995-02-26,32
1995-02-27,68
1995-02-28,48
1995-03-01,43
1995-03-02,49
1995-03-03,40
1995-03-04,46
1995-03-05,56
1995-03-06,39
1995-03-07,53
1995-03-08,40
1995-03-09,37
1995-03-10,40
1995-03-11,38
1995-03-12,43
1995-03-13,58
1995-03-14,36
1995-03-15,55
1995-03-16,34
1995-03-17,44
1995-03-18,49
1995-03-19,40
1995-03-20,45
1995-03-21,52
1995-03-22,43
1995-03-23,59
1995-03-24,48
1995-03-25,35
1995-03-26,33
1995-03-27,48
1995-03-28,49
1995-03-29,52
1995-03-30,46
1995-03-31,48
1995-04-01,58
1995-04-02,47
1995-04-03,40
1995-04-04,42
1995-04-05,27
1995-04-06,45
1995-04-07,48
1995-04-08,51
1995-04-09,49
1995-04-10,42
1995-04-11,53
1995-04-12,47
1995-04-13,43
1995-04-14,48
1995-04-15,43
1995-04-16,43
1995-04-17,32
1995-04-18,38
1995-04-19,41
1995-04-20,39
1995-04-21,38
1995-04-22,46
1995-04-23,50
1995-04-24,53
1995-04-25,39
1995-04-26,44
1995-04-27,32
1995-04-28,46
1995-04-29,49
1995-04-30,40
1995-05-01,47
1995-05-02,32
1995-05-03,38
1995-05-04,57
1995-05-05,45
1995-05-06,48
1995-05-07,50
1995-05-08,43
1995-05-09,38
1995-05-10,51
1995-05-11,36
1995-05-12,43
1995-05-13,33
1995-05-14,31
1995-05-15,39
1995-05-16,48
1995-05-17,33
1995-05-18,36
1995-05-19,48
1995-05-20,34
1995-05-21,41
1995-05-22,52
1995-05-23,33
1995-05-24,38
1995-05-25,42
1995-05-26,54
1995-05-27,46
1995-05-28,40
1995-05-29,38
1995-05-30,38
1995-05-31,46
1995-06-01,43
1995-06-02,38
1995-06-03,29
1995-06-04,32
1995-06-05,39
1995-06-06,46
1995-06-07,36
1995-06-08,34
1995-06-09,47
1995-06-10,43
1995-06-11,40
1995-06-12,45
1995-06-13,38
1995-06-14,32
1995-06-15,41
1995-06-16,53
1995-06-17,31
1995-06-18,43
1995-06-19,43
1995-06-20,44
1995-06-21,40
1995-06-22,38
1995-06-23,44
1995-06-24,33
1995-06-25,34
1995-06-26,38
1995-06-27,42
1995-06-28,48
1995-06-29,36
1995-06-30,37
1995-07-01,47
1995-07-02,45
1995-07-03,37
1995-07-04,32
1995-07-05,36
1995-07-06,38
1995-07-07,40
1995-07-08,33
1995-07-09,40
1995-07-10,40
1995-07-11,28
1995-07-12,37
1995-07-13,44
1995-07-14,43
1995-07-15,44
1995-07-16,36
1995-07-17,40
1995-07-18,36
1995-07-19,49
1995-07-20,29
1995-07-21,46
1995-07-22,39
1995-07-23,48
1995-07-24,46
1995-07-25,31
1995-07-26,37
1995-07-27,51
1995-07-28,36
1995-07-29,38
1995-07-30,51
1995-07-31,35
1995-08-01,43
1995-08-02,37
1995-08-03,42
1995-08-04,28
1995-08-05,52
1995-08-06,38
1995-08-07,34
1995-08-08,27
1995-08-09,52
1995-08-10,45
1995-08-11,43
1995-08-12,46
1995-08-13,44
1995-08-14,43
1995-08-15,37
1995-08-16,47
1995-08-17,29
1995-08-18,41
1995-08-19,42
1995-08-20,50
1995-08-21,38
1995-08-22,41
1995-08-23,38
1995-08-24,37
1995-08-25,37
1995-08-26,43
1995-08-27,50
1995-08-28,41
1995-08-29,52
1995-08-30,45
1995-08-31,33
1995-09-01,34
1995-09-02,52
1995-09-03,38
1995-09-04,49
1995-09-05,46
1995-09-06,42
1995-09-07,49
1995-09-08,43
1995-09-09,35
1995-09-10,39
1995-09-11,44
1995-09-12,32
1995-09-13,41
1995-09-14,41
1995-09-15,43
1995-09-16,48
1995-09-17,36
1995-09-18,32
1995-09-19,32
1995-09-20,30
1995-09-21,35
1995-09-22,35
1995-09-23,38
1995-09-24,35
1995-09-25,39
1995-09-26,41
1995-09-27,46
1995-09-28,39
1995-09-29,46
1995-09-30,40
1995-10-01,44
1995-10-02,38
1995-10-03,50
1995-10-04,30
1995-10-05,47
1995-10-06,38
1995-10-07,31
1995-10-08,47
1995-10-09,52
1995-10-10,36
1995-10-11,37
1995-10-12,45
1995-10-13,30
1995-10-14,35
1995-10-15,45
1995-10-16,34
1995-10-17,35
1995-10-18,38
1995-10-19,43
1995-10-20,53
1995-10-21,42
1995-10-22,44
1995-10-23,49
1995-10-24,29
1995-10-25,32
1995-10-26,53
1995-10-27,48
1995-10-28,33
1995-10-29,50
1995-10-30,47
1995-10-31,40
1995-11-01,41
1995-11-02,44
1995-11-03,47
1995-11-04,39
1995-11-05,44
1995-11-06,41
1995-11-07,48
1995-11-08,51
1995-11-09,35
1995-11-10,42
1995-11-11,31
1995-11-12,44
1995-11-13,57
1995-11-14,30
1995-11-15,46
1995-11-16,47
1995-11-17,49
1995-11-18,37
1995-11-19,53
1995-11-20,41
1995-11-21,51
1995-11-22,50
1995-11-23,44
1995-11-24,49
1995-11-25,47
1995-11-26,38
1995-11-27,46
1995-11-28,48
1995-11-29,40
1995-11-30,65
1995-12-01,46
1995-12-02,47
1995-12-03,40
1995-12-04,50
1995-12-05,55
1995-12-06,49
1995-12-07,51
1995-12-08,43
1995-12-09,53
1995-12-10,42
1995-12-11,38
1995-12-12,43
1995-12-13,34
1995-12-14,56
1995-12-15,50
1995-12-16,50
1995-12-17,44
1995-12-18,47
1995-12-19,49
1995-12-20,63
1995-12-21,51
1995-12-22,62
1995-12-23,80
1995-12-24,44
1995-12-25,53
1995-12-26,50
1995-12-27,69
1995-12-28,71
1995-12-29,68
1995-12-30,52
1995-12-31,52
1996-01-01,70
1996-01-02,66
1996-01-03,52
1996-01-04,64
1996-01-05,60
1996-01-06,53
1996-01-07,69
1996-01-08,51
1996-01-09,72
1996-01-10,45
1996-01-11,50
1996-01-12,53
1996-01-13,52
1996-01-14,59
1996-01-15,55
1996-01-16,52
1996-01-17,45
1996-01-18,58
1996-01-19,53
1996-01-20,60
1996-01-21,54
1996-01-22,53
1996-01-23,49
1996-01-24,41
1996-01-25,50
1996-01-26,37
1996-01-27,49
1996-01-28,52
1996-01-29,53
1996-01-30,57
1996-01-31,46
1996-02-01,57
1996-02-02,47
1996-02-03,48
1996-02-04,45
1996-02-05,49
1996-02-06,42
1996-02-07,53
1996-02-08,49
1996-02-09,45
1996-02-10,46
1996-02-11,38
1996-02-12,49
1996-02-13,57
1996-02-14,43
1996-02-15,46
1996-02-16,58
1996-02-17,57
1996-02-18,53
1996-02-19,48
1996-02-20,44
1996-02-21,42
1996-02-22,37
1996-02-23,43
1996-02-24,50
1996-02-25,51
1996-02-26,51
1996-02-27,46
1996-02-28,41
1996-02-29,52
1996-03-01,53
1996-03-02,49
1996-03-03,49
1996-03-04,44
1996-03-05,45
1996-03-06,44
1996-03-07,46
1996-03-08,46
1996-03-09,56
1996-03-10,41
1996-03-11,38
1996-03-12,50
1996-03-13,43
1996-03-14,44
1996-03-15,40
1996-03-16,44
1996-03-17,40
1996-03-18,33
1996-03-19,48
1996-03-20,42
1996-03-21,45
1996-03-22,50
1996-03-23,50
1996-03-24,34
1996-03-25,34
1996-03-26,32
1996-03-27,45
1996-03-28,49
1996-03-29,56
1996-03-30,55
1996-03-31,48
1996-04-01,46
1996-04-02,53
1996-04-03,49
1996-04-04,38
1996-04-05,40
1996-04-06,57
1996-04-07,47
1996-04-08,31
1996-04-09,42
1996-04-10,44
1996-04-11,45
1996-04-12,43
1996-04-13,42
1996-04-14,44
1996-04-15,36
1996-04-16,54
1996-04-17,46
1996-04-18,34
1996-04-19,46
1996-04-20,40
1996-04-21,46
1996-04-22,39
1996-04-23,35
1996-04-24,38
1996-04-25,42
1996-04-26,57
1996-04-27,40
1996-04-28,28
1996-04-29,42
1996-04-30,49
1996-05-01,38
1996-05-02,51
1996-05-03,45
1996-05-04,39
1996-05-05,43
1996-05-06,43
1996-05-07,52
1996-05-08,40
1996-05-09,43
1996-05-10,43
1996-05-11,41
1996-05-12,41
1996-05-13,48
1996-05-14,39
1996-05-15,39
1996-05-16,27
1996-05-17,30
1996-05-18,35
1996-05-19,39
1996-05-20,38
1996-05-21,46
1996-05-22,38
1996-05-23,46
1996-05-24,44
1996-05-25,44
1996-05-26,31
1996-05-27,45
1996-05-28,36
1996-05-29,42
1996-05-30,42
1996-05-31,35
1996-06-01,39
1996-06-02,41
1996-06-03,47
1996-06-04,29
1996-06-05,35
1996-06-06,43
1996-06-07,44
1996-06-08,37
1996-06-09,25
1996-06-10,53
1996-06-11,42
1996-06-12,38
1996-06-13,49
1996-06-14,28
1996-06-15,38
1996-06-16,33
1996-06-17,25
1996-06-18,42
1996-06-19,39
1996-06-20,45
1996-06-21,40
1996-06-22,42
1996-06-23,42
1996-06-24,39
1996-06-25,29
1996-06-26,34
1996-06-27,52
1996-06-28,43
1996-06-29,45
1996-06-30,36
1996-07-01,41
1996-07-02,48
1996-07-03,35
1996-07-04,28
1996-07-05,53
1996-07-06,29
1996-07-07,32
1996-07-08,41
1996-07-09,44
1996-07-10,44
1996-07-11,44
1996-07-12,38
1996-07-13,46
1996-07-14,37
1996-07-15,42
1996-07-16,31
1996-07-17,32
1996-07-18,37
1996-07-19,43
1996-07-20,37
1996-07-21,33
1996-07-22,36
1996-07-23,45
1996-07-24,40
1996-07-25,42
1996-07-26,39
1996-07-27,30
1996-07-28,34
1996-07-29,41
1996-07-30,51
1996-07-31,43
1996-08-01,40
1996-08-02,47
1996-08-03,42
1996-08-04,37
1996-08-05,36
1996-08-06,32
1996-08-07,36
1996-08-08,45
1996-08-09,35
1996-08-10,23
1996-08-11,35
1996-08-12,43
1996-08-13,35
1996-08-14,43
1996-08-15,46
1996-08-16,42
1996-08-17,40
1996-08-18,28
1996-08-19,33
1996-08-20,41
1996-08-21,43
1996-08-22,46
1996-08-23,42
1996-08-24,40
1996-08-25,32
1996-08-26,49
1996-08-27,43
1996-08-28,34
1996-08-29,30
1996-08-30,45
1996-08-31,37
1996-09-01,35
1996-09-02,44
1996-09-03,28
1996-09-04,43
1996-09-05,34
1996-09-06,37
1996-09-07,42
1996-09-08,33
1996-09-09,32
1996-09-10,36
1996-09-11,31
1996-09-12,51
1996-09-13,34
1996-09-14,44
1996-09-15,44
1996-09-16,36
1996-09-17,44
1996-09-18,39
1996-09-19,42
1996-09-20,38
1996-09-21,36
1996-09-22,38
1996-09-23,40
1996-09-24,33
1996-09-25,45
1996-09-26,29
1996-09-27,45
1996-09-28,39
1996-09-29,28
1996-09-30,31
1996-10-01,34
1996-10-02,36
1996-10-03,40
1996-10-04,42
1996-10-05,43
1996-10-06,31
1996-10-07,40
1996-10-08,39
1996-10-09,38
1996-10-10,40
1996-10-11,30
1996-10-12,39
1996-10-13,42
1996-10-14,39
1996-10-15,38
1996-10-16,48
1996-10-17,36
1996-10-18,36
1996-10-19,32
1996-10-20,43
1996-10-21,46
1996-10-22,33
1996-10-23,49
1996-10-24,34
1996-10-25,33
1996-10-26,37
1996-10-27,45
1996-10-28,56
1996-10-29,50
1996-10-30,45
1996-10-31,37
1996-11-01,35
1996-11-02,43
1996-11-03,40
1996-11-04,48
1996-11-05,68
1996-11-06,46
1996-11-07,43
1996-11-08,55
1996-11-09,44
1996-11-10,42
1996-11-11,49
1996-11-12,38
1996-11-13,46
1996-11-14,41
1996-11-15,47
1996-11-16,47
1996-11-17,49
1996-11-18,41
1996-11-19,48
1996-11-20,44
1996-11-21,28
1996-11-22,53
1996-11-23,47
1996-11-24,37
1996-11-25,38
1996-11-26,31
1996-11-27,35
1996-11-28,28
1996-11-29,49
1996-11-30,44
1996-12-01,54
1996-12-02,43
1996-12-03,54
1996-12-04,51
1996-12-05,48
1996-12-06,47
1996-12-07,39
1996-12-08,40
1996-12-09,54
1996-12-10,49
1996-12-11,46
1996-12-12,40
1996-12-13,45
1996-12-14,47
1996-12-15,47
1996-12-16,45
1996-12-17,47
1996-12-18,47
1996-12-19,60
1996-12-20,53
1996-12-21,49
1996-12-22,37
1996-12-23,45
1996-12-24,62
1996-12-25,52
1996-12-26,53
1996-12-27,58
1996-12-28,51
1996-12-29,41
1996-12-30,43
1996-12-31,68
1997-01-01,49
1997-01-02,57
1997-01-03,57
1997-01-04,56
1997-01-05,36
1997-01-06,66
1997-01-07,63
1997-01-08,57
1997-01-09,75
1997-01-10,59
1997-01-11,68
1997-01-12,65
1997-01-13,56
1997-01-14,48
1997-01-15,74
1997-01-16,74
1997-01-17,67
1997-01-18,46
1997-01-19,42
1997-01-20,56
1997-01-21,60
1997-01-22,55
1997-01-23,44
1997-01-24,57
1997-01-25,48
1997-01-26,71
1997-01-27,44
1997-01-28,40
1997-01-29,50
1997-01-30,59
1997-01-31,53
1997-02-01,52
1997-02-02,59
1997-02-03,45
1997-02-04,54
1997-02-05,47
1997-02-06,51
1997-02-07,45
1997-02-08,60
1997-02-09,47
1997-02-10,52
1997-02-11,50
1997-02-12,50
1997-02-13,50
1997-02-14,60
1997-02-15,46
1997-02-16,60
1997-02-17,52
1997-02-18,51
1997-02-19,48
1997-02-20,54
1997-02-21,44
1997-02-22,52
1997-02-23,48
1997-02-24,52
1997-02-25,48
1997-02-26,66
1997-02-27,58
1997-02-28,44
1997-03-01,40
1997-03-02,52
1997-03-03,53
1997-03-04,49
1997-03-05,44
1997-03-06,54
1997-03-07,56
1997-03-08,45
1997-03-09,41
1997-03-10,46
1997-03-11,39
1997-03-12,57
1997-03-13,43
1997-03-14,44
1997-03-15,46
1997-03-16,64
1997-03-17,40
1997-03-18,56
1997-03-19,40
1997-03-20,44
1997-03-21,38
1997-03-22,36
1997-03-23,40
1997-03-24,45
1997-03-25,39
1997-03-26,47
1997-03-27,43
1997-03-28,47
1997-03-29,41
1997-03-30,30
1997-03-31,50
1997-04-01,43
1997-04-02,47
1997-04-03,33
1997-04-04,34
1997-04-05,41
1997-04-06,44
1997-04-07,35
1997-04-08,47
1997-04-09,46
1997-04-10,60
1997-04-11,37
1997-04-12,42
1997-04-13,46
1997-04-14,42
1997-04-15,40
1997-04-16,38
1997-04-17,39
1997-04-18,43
1997-04-19,33
1997-04-20,54
1997-04-21,42
1997-04-22,52
1997-04-23,48
1997-04-24,50
1997-04-25,39
1997-04-26,42
1997-04-27,36
1997-04-28,42
1997-04-29,39
1997-04-30,39
1997-05-01,46
1997-05-02,42
1997-05-03,38
1997-05-04,43
1997-05-05,49
1997-05-06,28
1997-05-07,54
1997-05-08,30
1997-05-09,45
1997-05-10,40
1997-05-11,37
1997-05-12,36
1997-05-13,53
1997-05-14,48
1997-05-15,38
1997-05-16,36
1997-05-17,37
1997-05-18,42
1997-05-19,35
1997-05-20,37
1997-05-21,27
1997-05-22,51
1997-05-23,43
1997-05-24,33
1997-05-25,38
1997-05-26,45
1997-05-27,35
1997-05-28,28
1997-05-29,46
1997-05-30,42
1997-05-31,35
1997-06-01,40
1997-06-02,43
1997-06-03,39
1997-06-04,39
1997-06-05,35
1997-06-06,47
1997-06-07,35
1997-06-08,45
1997-06-09,40
1997-06-10,32
1997-06-11,45
1997-06-12,40
1997-06-13,36
1997-06-14,42
1997-06-15,37
1997-06-16,44
1997-06-17,38
1997-06-18,39
1997-06-19,38
1997-06-20,36
1997-06-21,38
1997-06-22,31
1997-06-23,45
1997-06-24,36
1997-06-25,25
1997-06-26,32
1997-06-27,46
1997-06-28,41
1997-06-29,37
1997-06-30,45
1997-07-01,38
1997-07-02,36
1997-07-03,46
1997-07-04,46
1997-07-05,43
1997-07-06,44
1997-07-07,41
1997-07-08,46
1997-07-09,35
1997-07-10,46
1997-07-11,43
1997-07-12,44
1997-07-13,22
1997-07-14,31
1997-07-15,28
1997-07-16,34
1997-07-17,41
1997-07-18,31
1997-07-19,40
1997-07-20,32
1997-07-21,37
1997-07-22,41
1997-07-23,31
1997-07-24,52
1997-07-25,30
1997-07-26,43
1997-07-27,36
1997-07-28,36
1997-07-29,37
1997-07-30,28
1997-07-31,48
1997-08-01,45
1997-08-02,47
1997-08-03,43
1997-08-04,41
1997-08-05,53
1997-08-06,46
1997-08-07,58
1997-08-08,46
1997-08-09,45
1997-08-10,46
1997-08-11,50
1997-08-12,40
1997-08-13,36
1997-08-14,27
1997-08-15,41
1997-08-16,46
1997-08-17,41
1997-08-18,50
1997-08-19,31
1997-08-20,42
1997-08-21,45
1997-08-22,35
1997-08-23,37
1997-08-24,25
1997-08-25,38
1997-08-26,30
1997-08-27,31
1997-08-28,48
1997-08-29,36
1997-08-30,35
1997-08-31,30
1997-09-01,39
1997-09-02,35
1997-09-03,43
1997-09-04,51
1997-09-05,46
1997-09-06,39
1997-09-07,41
1997-09-08,46
1997-09-09,41
1997-09-10,45
1997-09-11,33
1997-09-12,37
1997-09-13,27
1997-09-14,36
1997-09-15,43
1997-09-16,32
1997-09-17,39
1997-09-18,32
1997-09-19,41
1997-09-20,43
1997-09-21,36
1997-09-22,44
1997-09-23,50
1997-09-24,40
1997-09-25,38
1997-09-26,41
1997-09-27,24
1997-09-28,42
1997-09-29,31
1997-09-30,28
1997-10-01,42
1997-10-02,31
1997-10-03,35
1997-10-04,38
1997-10-05,41
1997-10-06,38
1997-10-07,36
1997-10-08,41
1997-10-09,31
1997-10-10,31
1997-10-11,44
1997-10-12,33
1997-10-13,47
1997-10-14,56
1997-10-15,42
1997-10-16,41
1997-10-17,48
1997-10-18,40
1997-10-19,41
1997-10-20,38
1997-10-21,36
1997-10-22,23
1997-10-23,51
1997-10-24,34
1997-10-25,43
1997-10-26,41
1997-10-27,53
1997-10-28,43
1997-10-29,35
1997-10-30,45
1997-10-31,36
1997-11-01,44
1997-11-02,34
1997-11-03,43
1997-11-04,41
1997-11-05,38
1997-11-06,31
1997-11-07,47
1997-11-08,43
1997-11-09,36
1997-11-10,38
1997-11-11,43
1997-11-12,28
1997-11-13,49
1997-11-14,22
1997-11-15,49
1997-11-16,37
1997-11-17,33
1997-11-18,46
1997-11-19,48
1997-11-20,41
1997-11-21,46
1997-11-22,46
1997-11-23,48
1997-11-24,35
1997-11-25,46
1997-11-26,39
1997-11-27,48
1997-11-28,45
1997-11-29,56
1997-11-30,61
1997-12-01,50
1997-12-02,38
1997-12-03,54
1997-12-04,44
1997-12-05,48
1997-12-06,41
1997-12-07,54
1997-12-08,38
1997-12-09,42
1997-12-10,52
1997-12-11,66
1997-12-12,39
1997-12-13,56
1997-12-14,51
1997-12-15,62
1997-12-16,54
1997-12-17,60
1997-12-18,54
1997-12-19,67
1997-12-20,57
1997-12-21,53
1997-12-22,58
1997-12-23,73
1997-12-24,63
1997-12-25,53
1997-12-26,57
1997-12-27,70
1997-12-28,81
1997-12-29,74
1997-12-30,84
1997-12-31,82
1998-01-01,63
1998-01-02,70
1998-01-03,84
1998-01-04,77
1998-01-05,80
1998-01-06,86
1998-01-07,81
1998-01-08,72
1998-01-09,106
1998-01-10,77
1998-01-11,57
1998-01-12,62
1998-01-13,52
1998-01-14,78
1998-01-15,64
1998-01-16,59
1998-01-17,55
1998-01-18,51
1998-01-19,56
1998-01-20,62
1998-01-21,58
1998-01-22,38
1998-01-23,54
1998-01-24,54
1998-01-25,49
1998-01-26,45
1998-01-27,56
1998-01-28,52
1998-01-29,47
1998-01-30,35
1998-01-31,40
1998-02-01,56
1998-02-02,49
1998-02-03,52
1998-02-04,49
1998-02-05,45
1998-02-06,49
1998-02-07,50
1998-02-08,27
1998-02-09,55
1998-02-10,50
1998-02-11,39
1998-02-12,40
1998-02-13,50
1998-02-14,56
1998-02-15,36
1998-02-16,37
1998-02-17,44
1998-02-18,43
1998-02-19,57
1998-02-20,40
1998-02-21,41
1998-02-22,49
1998-02-23,46
1998-02-24,72
1998-02-25,39
1998-02-26,41
1998-02-27,45
1998-02-28,40
1998-03-01,51
1998-03-02,34
1998-03-03,34
1998-03-04,48
1998-03-05,49
1998-03-06,42
1998-03-07,47
1998-03-08,45
1998-03-09,50
1998-03-10,51
1998-03-11,48
1998-03-12,53
1998-03-13,51
1998-03-14,35
1998-03-15,36
1998-03-16,55
1998-03-17,49
1998-03-18,52
1998-03-19,51
1998-03-20,50
1998-03-21,45
1998-03-22,35
1998-03-23,41
1998-03-24,29
1998-03-25,44
1998-03-26,49
1998-03-27,32
1998-03-28,47
1998-03-29,44
1998-03-30,47
1998-03-31,35
1998-04-01,28
1998-04-02,51
1998-04-03,42
1998-04-04,45
1998-04-05,36
1998-04-06,35
1998-04-07,42
1998-04-08,44
1998-04-09,48
1998-04-10,44
1998-04-11,41
1998-04-12,40
1998-04-13,51
1998-04-14,51
1998-04-15,44
1998-04-16,43
1998-04-17,59
1998-04-18,52
1998-04-19,33
1998-04-20,69
1998-04-21,52
1998-04-22,41
1998-04-23,26
1998-04-24,47
1998-04-25,36
1998-04-26,35
1998-04-27,45
1998-04-28,39
1998-04-29,40
1998-04-30,37
1998-05-01,48
1998-05-02,52
1998-05-03,48
1998-05-04,30
1998-05-05,41
1998-05-06,48
1998-05-07,41
1998-05-08,43
1998-05-09,37
1998-05-10,41
1998-05-11,44
1998-05-12,37
1998-05-13,44
1998-05-14,38
1998-05-15,37
1998-05-16,38
1998-05-17,38
1998-05-18,56
1998-05-19,51
1998-05-20,47
1998-05-21,48
1998-05-22,38
1998-05-23,44
1998-05-24,44
1998-05-25,53
1998-05-26,52
1998-05-27,35
1998-05-28,39
1998-05-29,31
1998-05-30,29
1998-05-31,40
1998-06-01,39
1998-06-02,40
1998-06-03,34
1998-06-04,50
1998-06-05,37
1998-06-06,44
1998-06-07,34
1998-06-08,32
1998-06-09,43
1998-06-10,47
1998-06-11,32
1998-06-12,49
1998-06-13,38
1998-06-14,37
1998-06-15,39
1998-06-16,51
1998-06-17,45
1998-06-18,41
1998-06-19,39
1998-06-20,39
1998-06-21,26
1998-06-22,48
1998-06-23,42
1998-06-24,36
1998-06-25,37
1998-06-26,28
1998-06-27,39
1998-06-28,44
1998-06-29,40
1998-06-30,26
1998-07-01,39
1998-07-02,34
1998-07-03,32
1998-07-04,28
1998-07-05,36
1998-07-06,34
1998-07-07,53
1998-07-08,37
1998-07-09,55
1998-07-10,42
1998-07-11,49
1998-07-12,27
1998-07-13,35
1998-07-14,37
1998-07-15,39
1998-07-16,44
1998-07-17,36
1998-07-18,43
1998-07-19,34
1998-07-20,32
1998-07-21,37
1998-07-22,43
1998-07-23,33
1998-07-24,50
1998-07-25,36
1998-07-26,35
1998-07-27,51
1998-07-28,40
1998-07-29,38
1998-07-30,35
1998-07-31,37
1998-08-01,40
1998-08-02,39
1998-08-03,24
1998-08-04,40
1998-08-05,43
1998-08-06,25
1998-08-07,35
1998-08-08,44
1998-08-09,27
1998-08-10,46
1998-08-11,48
1998-08-12,29
1998-08-13,37
1998-08-14,40
1998-08-15,34
1998-08-16,40
1998-08-17,32
1998-08-18,35
1998-08-19,26
1998-08-20,34
1998-08-21,32
1998-08-22,42
1998-08-23,47
1998-08-24,48
1998-08-25,41
1998-08-26,45
1998-08-27,23
1998-08-28,38
1998-08-29,36
1998-08-30,41
1998-08-31,48
1998-09-01,46
1998-09-02,38
1998-09-03,51
1998-09-04,37
1998-09-05,40
1998-09-06,34
1998-09-07,46
1998-09-08,36
1998-09-09,38
1998-09-10,31
1998-09-11,34
1998-09-12,37
1998-09-13,37
1998-09-14,42
1998-09-15,43
1998-09-16,38
1998-09-17,34
1998-09-18,41
1998-09-19,31
1998-09-20,43
1998-09-21,45
1998-09-22,37
1998-09-23,42
1998-09-24,28
1998-09-25,52
1998-09-26,35
1998-09-27,35
1998-09-28,55
1998-09-29,34
1998-09-30,34
1998-10-01,39
1998-10-02,43
1998-10-03,33
1998-10-04,43
1998-10-05,45
1998-10-06,46
1998-10-07,45
1998-10-08,45
1998-10-09,42
1998-10-10,47
1998-10-11,35
1998-10-12,58
1998-10-13,32
1998-10-14,36
1998-10-15,50
1998-10-16,42
1998-10-17,42
1998-10-18,56
1998-10-19,47
1998-10-20,47
1998-10-21,49
1998-10-22,48
1998-10-23,40
1998-10-24,46
1998-10-25,48
1998-10-26,39
1998-10-27,46
1998-10-28,32
1998-10-29,37
1998-10-30,37
1998-10-31,41
1998-11-01,35
1998-11-02,42
1998-11-03,43
1998-11-04,50
1998-11-05,43
1998-11-06,47
1998-11-07,42
1998-11-08,35
1998-11-09,39
1998-11-10,43
1998-11-11,46
1998-11-12,44
1998-11-13,42
1998-11-14,32
1998-11-15,42
1998-11-16,51
1998-11-17,37
1998-11-18,42
1998-11-19,46
1998-11-20,44
1998-11-21,37
1998-11-22,50
1998-11-23,48
1998-11-24,30
1998-11-25,43
1998-11-26,39
1998-11-27,39
1998-11-28,50
1998-11-29,46
1998-11-30,51
1998-12-01,38
1998-12-02,35
1998-12-03,41
1998-12-04,42
1998-12-05,51
1998-12-06,56
1998-12-07,46
1998-12-08,53
1998-12-09,42
1998-12-10,62
1998-12-11,50
1998-12-12,50
1998-12-13,49
1998-12-14,51
1998-12-15,45
1998-12-16,61
1998-12-17,32
1998-12-18,38
1998-12-19,40
1998-12-20,43
1998-12-21,50
1998-12-22,46
1998-12-23,50
1998-12-24,45
1998-12-25,51
1998-12-26,41
1998-12-27,50
1998-12-28,50
1998-12-29,43
1998-12-30,44
1998-12-31,58
1999-01-01,53
1999-01-02,60
1999-01-03,58
1999-01-04,62
1999-01-05,54
1999-01-06,56
1999-01-07,54
1999-01-08,43
1999-01-09,51
1999-01-10,63
1999-01-11,60
1999-01-12,59
1999-01-13,62
1999-01-14,57
1999-01-15,46
1999-01-16,52
1999-01-17,54
1999-01-18,61
1999-01-19,60
1999-01-20,42
1999-01-21,49
1999-01-22,46
1999-01-23,47
1999-01-24,48
1999-01-25,52
1999-01-26,61
1999-01-27,62
1999-01-28,40
1999-01-29,52
1999-01-30,46
1999-01-31,41
1999-02-01,35
1999-02-02,52
1999-02-03,51
1999-02-04,50
1999-02-05,57
1999-02-06,39
1999-02-07,54
1999-02-08,44
1999-02-09,49
1999-02-10,46
1999-02-11,56
1999-02-12,64
1999-02-13,59
1999-02-14,56
1999-02-15,47
1999-02-16,54
1999-02-17,57
1999-02-18,48
1999-02-19,54
1999-02-20,49
1999-02-21,53
1999-02-22,46
1999-02-23,45
1999-02-24,41
1999-02-25,59
1999-02-26,55
1999-02-27,43
1999-02-28,49
1999-03-01,65
1999-03-02,58
1999-03-03,48
1999-03-04,47
1999-03-05,43
1999-03-06,59
1999-03-07,45
1999-03-08,52
1999-03-09,43
1999-03-10,44
1999-03-11,43
1999-03-12,57
1999-03-13,50
1999-03-14,48
1999-03-15,55
1999-03-16,58
1999-03-17,52
1999-03-18,50
1999-03-19,55
1999-03-20,53
1999-03-21,53
1999-03-22,45
1999-03-23,41
1999-03-24,49
1999-03-25,52
1999-03-26,45
1999-03-27,38
1999-03-28,52
1999-03-29,54
1999-03-30,45
1999-03-31,60
1999-04-01,56
1999-04-02,40
1999-04-03,52
1999-04-04,40
1999-04-05,49
1999-04-06,60
1999-04-07,54
1999-04-08,53
1999-04-09,33
1999-04-10,47
1999-04-11,57
1999-04-12,50
1999-04-13,49
1999-04-14,42
1999-04-15,40
1999-04-16,49
1999-04-17,53
1999-04-18,39
1999-04-19,41
1999-04-20,53
1999-04-21,56
1999-04-22,43
1999-04-23,52
1999-04-24,53
1999-04-25,44
1999-04-26,49
1999-04-27,44
1999-04-28,41
1999-04-29,46
1999-04-30,56
1999-05-01,53
1999-05-02,43
1999-05-03,51
1999-05-04,44
1999-05-05,47
1999-05-06,50
1999-05-07,48
1999-05-08,50
1999-05-09,44
1999-05-10,47
1999-05-11,41
1999-05-12,48
1999-05-13,39
1999-05-14,49
1999-05-15,33
1999-05-16,49
1999-05-17,53
1999-05-18,52
1999-05-19,43
1999-05-20,50
1999-05-21,32
1999-05-22,36
1999-05-23,48
1999-05-24,42
1999-05-25,51
1999-05-26,37
1999-05-27,43
1999-05-28,42
1999-05-29,45
1999-05-30,41
1999-05-31,52
1999-06-01,41
1999-06-02,43
1999-06-03,36
1999-06-04,41
1999-06-05,39
1999-06-06,48
1999-06-07,57
1999-06-08,51
1999-06-09,38
1999-06-10,43
1999-06-11,47
1999-06-12,48
1999-06-13,44
1999-06-14,48
1999-06-15,45
1999-06-16,53
1999-06-17,42
1999-06-18,31
1999-06-19,50
1999-06-20,33
1999-06-21,51
1999-06-22,36
1999-06-23,44
1999-06-24,38
1999-06-25,46
1999-06-26,36
1999-06-27,49
1999-06-28,40
1999-06-29,42
1999-06-30,29
1999-07-01,41
1999-07-02,35
1999-07-03,33
1999-07-04,38
1999-07-05,54
1999-07-06,39
1999-07-07,40
1999-07-08,39
1999-07-09,36
1999-07-10,42
1999-07-11,54
1999-07-12,45
1999-07-13,54
1999-07-14,45
1999-07-15,35
1999-07-16,38
1999-07-17,33
1999-07-18,43
1999-07-19,43
1999-07-20,46
1999-07-21,38
1999-07-22,42
1999-07-23,45
1999-07-24,37
1999-07-25,40
1999-07-26,42
1999-07-27,46
1999-07-28,45
1999-07-29,46
1999-07-30,38
1999-07-31,29
1999-08-01,26
1999-08-02,37
1999-08-03,51
1999-08-04,51
1999-08-05,41
1999-08-06,41
1999-08-07,37
1999-08-08,43
1999-08-09,37
1999-08-10,49
1999-08-11,32
1999-08-12,40
1999-08-13,40
1999-08-14,44
1999-08-15,43
1999-08-16,42
1999-08-17,41
1999-08-18,39
1999-08-19,41
1999-08-20,40
1999-08-21,40
1999-08-22,31
1999-08-23,45
1999-08-24,43
1999-08-25,47
1999-08-26,56
1999-08-27,42
1999-08-28,20
1999-08-29,35
1999-08-30,38
1999-08-31,38
1999-09-01,39
1999-09-02,27
1999-09-03,38
1999-09-04,34
1999-09-05,32
1999-09-06,38
1999-09-07,41
1999-09-08,34
1999-09-09,29
1999-09-10,36
1999-09-11,36
1999-09-12,44
1999-09-13,31
1999-09-14,31
1999-09-15,34
1999-09-16,38
1999-09-17,37
1999-09-18,43
1999-09-19,46
1999-09-20,38
1999-09-21,41
1999-09-22,57
1999-09-23,49
1999-09-24,38
1999-09-25,33
1999-09-26,40
1999-09-27,37
1999-09-28,47
1999-09-29,36
1999-09-30,34
1999-10-01,36
1999-10-02,46
1999-10-03,32
1999-10-04,48
1999-10-05,59
1999-10-06,49
1999-10-07,42
1999-10-08,33
1999-10-09,51
1999-10-10,34
1999-10-11,35
1999-10-12,50
1999-10-13,41
1999-10-14,43
1999-10-15,49
1999-10-16,51
1999-10-17,39
1999-10-18,37
1999-10-19,46
1999-10-20,32
1999-10-21,49
1999-10-22,48
1999-10-23,44
1999-10-24,44
1999-10-25,32
1999-10-26,35
1999-10-27,49
1999-10-28,40
1999-10-29,37
1999-10-30,39
1999-10-31,43
1999-11-01,43
1999-11-02,39
1999-11-03,44
1999-11-04,54
1999-11-05,46
1999-11-06,43
1999-11-07,44
1999-11-08,41
1999-11-09,40
1999-11-10,38
1999-11-11,55
1999-11-12,39
1999-11-13,49
1999-11-14,47
1999-11-15,50
1999-11-16,42
1999-11-17,42
1999-11-18,41
1999-11-19,43
1999-11-20,53
1999-11-21,39
1999-11-22,45
1999-11-23,54
1999-11-24,41
1999-11-25,54
1999-11-26,56
1999-11-27,62
1999-11-28,41
1999-11-29,51
1999-11-30,55
1999-12-01,45
1999-12-02,43
1999-12-03,42
1999-12-04,34
1999-12-05,58
1999-12-06,49
1999-12-07,50
1999-12-08,60
1999-12-09,54
1999-12-10,60
1999-12-11,50
1999-12-12,62
1999-12-13,66
1999-12-14,55
1999-12-15,64
1999-12-16,67
1999-12-17,57
1999-12-18,68
1999-12-19,73
1999-12-20,60
1999-12-21,80
1999-12-22,81
1999-12-23,84
1999-12-24,64
1999-12-25,71
1999-12-26,86
1999-12-27,77
1999-12-28,83
1999-12-29,72
1999-12-30,67
1999-12-31,78
2000-01-01,83
2000-01-02,93
2000-01-03,77
2000-01-04,85
2000-01-05,72
2000-01-06,78
2000-01-07,97
2000-01-08,62
2000-01-09,63
2000-01-10,61
2000-01-11,62
2000-01-12,67
2000-01-13,53
2000-01-14,68
2000-01-15,52
2000-01-16,64
2000-01-17,58
2000-01-18,62
2000-01-19,53
2000-01-20,47
2000-01-21,44
2000-01-22,47
2000-01-23,51
2000-01-24,50
2000-01-25,51
2000-01-26,57
2000-01-27,48
2000-01-28,67
2000-01-29,55
2000-01-30,48
2000-01-31,52
2000-02-01,35
2000-02-02,49
2000-02-03,53
2000-02-04,62
2000-02-05,49
2000-02-06,46
2000-02-07,56
2000-02-08,53
2000-02-09,55
2000-02-10,35
2000-02-11,38
2000-02-12,51
2000-02-13,55
2000-02-14,47
2000-02-15,57
2000-02-16,46
2000-02-17,37
2000-02-18,47
2000-02-19,55
2000-02-20,50
2000-02-21,65
2000-02-22,46
2000-02-23,55
2000-02-24,43
2000-02-25,52
2000-02-26,41
2000-02-27,47
2000-02-28,47
2000-02-29,58
2000-03-01,58
2000-03-02,50
2000-03-03,50
2000-03-04,47
2000-03-05,49
2000-03-06,52
2000-03-07,40
2000-03-08,55
2000-03-09,45
2000-03-10,37
2000-03-11,64
2000-03-12,32
2000-03-13,50
2000-03-14,56
2000-03-15,46
2000-03-16,61
2000-03-17,46
2000-03-18,50
2000-03-19,47
2000-03-20,48
2000-03-21,43
2000-03-22,40
2000-03-23,56
2000-03-24,47
2000-03-25,33
2000-03-26,60
2000-03-27,63
2000-03-28,51
2000-03-29,46
2000-03-30,49
2000-03-31,56
2000-04-01,51
2000-04-02,42
2000-04-03,39
2000-04-04,52
2000-04-05,50
2000-04-06,51
2000-04-07,39
2000-04-08,43
2000-04-09,41
2000-04-10,44
2000-04-11,48
2000-04-12,46
2000-04-13,49
2000-04-14,49
2000-04-15,42
2000-04-16,34
2000-04-17,49
2000-04-18,39
2000-04-19,47
2000-04-20,50
2000-04-21,55
2000-04-22,43
2000-04-23,47
2000-04-24,39
2000-04-25,38
2000-04-26,40
2000-04-27,44
2000-04-28,36
2000-04-29,43
2000-04-30,43
2000-05-01,46
2000-05-02,37
2000-05-03,41
2000-05-04,48
2000-05-05,50
2000-05-06,42
2000-05-07,47
2000-05-08,32
2000-05-09,45
2000-05-10,46
2000-05-11,38
2000-05-12,54
2000-05-13,47
2000-05-14,53
2000-05-15,46
2000-05-16,44
2000-05-17,43
2000-05-18,42
2000-05-19,60
2000-05-20,43
2000-05-21,38
2000-05-22,51
2000-05-23,48
2000-05-24,27
2000-05-25,45
2000-05-26,32
2000-05-27,38
2000-05-28,30
2000-05-29,48
2000-05-30,47
2000-05-31,35
2000-06-01,46
2000-06-02,42
2000-06-03,35
2000-06-04,38
2000-06-05,36
2000-06-06,34
2000-06-07,33
2000-06-08,34
2000-06-09,37
2000-06-10,38
2000-06-11,36
2000-06-12,52
2000-06-13,32
2000-06-14,46
2000-06-15,40
2000-06-16,44
2000-06-17,53
2000-06-18,41
2000-06-19,31
2000-06-20,37
2000-06-21,35
2000-06-22,30
2000-06-23,30
2000-06-24,41
2000-06-25,38
2000-06-26,46
2000-06-27,47
2000-06-28,44
2000-06-29,31
2000-06-30,44
2000-07-01,45
2000-07-02,36
2000-07-03,39
2000-07-04,46
2000-07-05,48
2000-07-06,38
2000-07-07,35
2000-07-08,34
2000-07-09,34
2000-07-10,26
2000-07-11,40
2000-07-12,27
2000-07-13,45
2000-07-14,32
2000-07-15,45
2000-07-16,23
2000-07-17,46
2000-07-18,41
2000-07-19,38
2000-07-20,43
2000-07-21,42
2000-07-22,40
2000-07-23,36
2000-07-24,50
2000-07-25,35
2000-07-26,39
2000-07-27,40
2000-07-28,43
2000-07-29,34
2000-07-30,49
2000-07-31,31
2000-08-01,45
2000-08-02,46
2000-08-03,35
2000-08-04,36
2000-08-05,44
2000-08-06,42
2000-08-07,32
2000-08-08,38
2000-08-09,34
2000-08-10,44
2000-08-11,39
2000-08-12,34
2000-08-13,47
2000-08-14,40
2000-08-15,48
2000-08-16,46
2000-08-17,50
2000-08-18,38
2000-08-19,34
2000-08-20,45
2000-08-21,38
2000-08-22,36
2000-08-23,50
2000-08-24,47
2000-08-25,45
2000-08-26,31
2000-08-27,43
2000-08-28,54
2000-08-29,43
2000-08-30,41
2000-08-31,40
2000-09-01,41
2000-09-02,44
2000-09-03,36
2000-09-04,48
2000-09-05,42
2000-09-06,40
2000-09-07,40
2000-09-08,41
2000-09-09,40
2000-09-10,43
2000-09-11,36
2000-09-12,52
2000-09-13,38
2000-09-14,37
2000-09-15,36
2000-09-16,38
2000-09-17,50
2000-09-18,32
2000-09-19,44
2000-09-20,32
2000-09-21,29
2000-09-22,45
2000-09-23,41
2000-09-24,46
2000-09-25,36
2000-09-26,25
2000-09-27,53
2000-09-28,54
2000-09-29,44
2000-09-30,46
2000-10-01,37
2000-10-02,58
2000-10-03,43
2000-10-04,44
2000-10-05,36
2000-10-06,40
2000-10-07,42
2000-10-08,51
2000-10-09,46
2000-10-10,48
2000-10-11,42
2000-10-12,48
2000-10-13,50
2000-10-14,58
2000-10-15,39
2000-10-16,39
2000-10-17,44
2000-10-18,46
2000-10-19,36
2000-10-20,37
2000-10-21,44
2000-10-22,38
2000-10-23,35
2000-10-24,48
2000-10-25,31
2000-10-26,39
2000-10-27,39
2000-10-28,46
2000-10-29,31
2000-10-30,48
2000-10-31,42
2000-11-01,57
2000-11-02,43
2000-11-03,44
2000-11-04,38
2000-11-05,43
2000-11-06,56
2000-11-07,53
2000-11-08,44
2000-11-09,46
2000-11-10,48
2000-11-11,55
2000-11-12,46
2000-11-13,58
2000-11-14,42
2000-11-15,49
2000-11-16,46
2000-11-17,45
2000-11-18,46
2000-11-19,52
2000-11-20,58
2000-11-21,52
2000-11-22,35
2000-11-23,44
2000-11-24,52
2000-11-25,55
2000-11-26,36
2000-11-27,47
2000-11-28,47
2000-11-29,35
2000-11-30,37
2000-12-01,39
2000-12-02,54
2000-12-03,53
2000-12-04,54
2000-12-05,60
2000-12-06,39
2000-12-07,48
2000-12-08,44
2000-12-09,53
2000-12-10,40
2000-12-11,35
2000-12-12,39
2000-12-13,36
2000-12-14,41
2000-12-15,45
2000-12-16,62
2000-12-17,36
2000-12-18,43
2000-12-19,46
2000-12-20,45
2000-12-21,49
2000-12-22,42
2000-12-23,57
2000-12-24,44
2000-12-25,40
2000-12-26,54
2000-12-27,49
2000-12-28,55
2000-12-29,58
2000-12-30,49
2000-12-31,46
