Inf;Sup;value
2005-04-10, 00:00:00,000;2005-04-10, 23:59:59,999;-1
2005-04-11, 00:00:00,000;2005-04-11, 23:59:59,999;-1
2005-04-12, 00:00:00,000;2005-04-12, 23:59:59,999;6822.0
2005-04-13, 00:00:00,000;2005-04-13, 23:59:59,999;6742.0
2005-04-14, 00:00:00,000;2005-04-14, 23:59:59,999;6423.0
2005-04-15, 00:00:00,000;2005-04-15, 23:59:59,999;-1
2005-04-16, 00:00:00,000;2005-04-16, 23:59:59,999;-1
2005-04-17, 00:00:00,000;2005-04-17, 23:59:59,999;5322.0
2005-04-18, 00:00:00,000;2005-04-18, 23:59:59,999;-1
2005-04-19, 00:00:00,000;2005-04-19, 23:59:59,999;6049.0
2005-04-20, 00:00:00,000;2005-04-20, 23:59:59,999;6166.0
2005-04-21, 00:00:00,000;2005-04-21, 23:59:59,999;-1
2005-04-22, 00:00:00,000;2005-04-22, 23:59:59,999;6038.0
2005-04-23, 00:00:00,000;2005-04-23, 23:59:59,999;5366.0
2005-04-24, 00:00:00,000;2005-04-24, 23:59:59,999;4319.0
2005-04-25, 00:00:00,000;2005-04-25, 23:59:59,999;6280.0
2005-04-26, 00:00:00,000;2005-04-26, 23:59:59,999;6605.0
2005-04-27, 00:00:00,000;2005-04-27, 23:59:59,999;6622.0
2005-04-28, 00:00:00,000;2005-04-28, 23:59:59,999;5948.0
2005-04-29, 00:00:00,000;2005-04-29, 23:59:59,999;6657.0
2005-04-30, 00:00:00,000;2005-04-30, 23:59:59,999;6090.0
2005-05-01, 00:00:00,000;2005-05-01, 23:59:59,999;5178.0
2005-05-02, 00:00:00,000;2005-05-02, 23:59:59,999;6259.0
2005-05-03, 00:00:00,000;2005-05-03, 23:59:59,999;6530.0
2005-05-04, 00:00:00,000;2005-05-04, 23:59:59,999;6423.0
2005-05-05, 00:00:00,000;2005-05-05, 23:59:59,999;5985.0
2005-05-06, 00:00:00,000;2005-05-06, 23:59:59,999;6485.0
2005-05-07, 00:00:00,000;2005-05-07, 23:59:59,999;5284.0
2005-05-08, 00:00:00,000;2005-05-08, 23:59:59,999;4585.0
2005-05-09, 00:00:00,000;2005-05-09, 23:59:59,999;5511.0
2005-05-10, 00:00:00,000;2005-05-10, 23:59:59,999;6063.0
2005-05-11, 00:00:00,000;2005-05-11, 23:59:59,999;6004.0
2005-05-12, 00:00:00,000;2005-05-12, 23:59:59,999;6132.0
2005-05-13, 00:00:00,000;2005-05-13, 23:59:59,999;6706.0
2005-05-14, 00:00:00,000;2005-05-14, 23:59:59,999;5460.0
2005-05-15, 00:00:00,000;2005-05-15, 23:59:59,999;5414.0
2005-05-16, 00:00:00,000;2005-05-16, 23:59:59,999;6205.0
2005-05-17, 00:00:00,000;2005-05-17, 23:59:59,999;6385.0
2005-05-18, 00:00:00,000;2005-05-18, 23:59:59,999;6483.0
2005-05-19, 00:00:00,000;2005-05-19, 23:59:59,999;6145.0
2005-05-20, 00:00:00,000;2005-05-20, 23:59:59,999;7119.0
2005-05-21, 00:00:00,000;2005-05-21, 23:59:59,999;5767.0
2005-05-22, 00:00:00,000;2005-05-22, 23:59:59,999;4977.0
2005-05-23, 00:00:00,000;2005-05-23, 23:59:59,999;-1
2005-05-24, 00:00:00,000;2005-05-24, 23:59:59,999;-1
2005-05-25, 00:00:00,000;2005-05-25, 23:59:59,999;-1
2005-05-26, 00:00:00,000;2005-05-26, 23:59:59,999;5867.0
2005-05-27, 00:00:00,000;2005-05-27, 23:59:59,999;6230.0
2005-05-28, 00:00:00,000;2005-05-28, 23:59:59,999;4938.0
2005-05-29, 00:00:00,000;2005-05-29, 23:59:59,999;4081.0
2005-05-30, 00:00:00,000;2005-05-30, 23:59:59,999;3973.0
2005-05-31, 00:00:00,000;2005-05-31, 23:59:59,999;6267.0
2005-06-01, 00:00:00,000;2005-06-01, 23:59:59,999;6520.0
2005-06-02, 00:00:00,000;2005-06-02, 23:59:59,999;6106.0
2005-06-03, 00:00:00,000;2005-06-03, 23:59:59,999;6585.0
2005-06-04, 00:00:00,000;2005-06-04, 23:59:59,999;5745.0
2005-06-05, 00:00:00,000;2005-06-05, 23:59:59,999;4492.0
2005-06-06, 00:00:00,000;2005-06-06, 23:59:59,999;6578.0
2005-06-07, 00:00:00,000;2005-06-07, 23:59:59,999;5975.0
2005-06-08, 00:00:00,000;2005-06-08, 23:59:59,999;6278.0
2005-06-09, 00:00:00,000;2005-06-09, 23:59:59,999;5867.0
2005-06-10, 00:00:00,000;2005-06-10, 23:59:59,999;6540.0
2005-06-11, 00:00:00,000;2005-06-11, 23:59:59,999;5771.0
2005-06-12, 00:00:00,000;2005-06-12, 23:59:59,999;5024.0
2005-06-13, 00:00:00,000;2005-06-13, 23:59:59,999;5974.0
2005-06-14, 00:00:00,000;2005-06-14, 23:59:59,999;5966.0
2005-06-15, 00:00:00,000;2005-06-15, 23:59:59,999;5469.0
2005-06-16, 00:00:00,000;2005-06-16, 23:59:59,999;5770.0
2005-06-17, 00:00:00,000;2005-06-17, 23:59:59,999;6222.0
2005-06-18, 00:00:00,000;2005-06-18, 23:59:59,999;5468.0
2005-06-19, 00:00:00,000;2005-06-19, 23:59:59,999;4463.0
2005-06-20, 00:00:00,000;2005-06-20, 23:59:59,999;5636.0
2005-06-21, 00:00:00,000;2005-06-21, 23:59:59,999;5759.0
2005-06-22, 00:00:00,000;2005-06-22, 23:59:59,999;6027.0
2005-06-23, 00:00:00,000;2005-06-23, 23:59:59,999;-1
2005-06-24, 00:00:00,000;2005-06-24, 23:59:59,999;6347.0
2005-06-25, 00:00:00,000;2005-06-25, 23:59:59,999;5111.0
2005-06-26, 00:00:00,000;2005-06-26, 23:59:59,999;4432.0
2005-06-27, 00:00:00,000;2005-06-27, 23:59:59,999;-1
2005-06-28, 00:00:00,000;2005-06-28, 23:59:59,999;-1
2005-06-29, 00:00:00,000;2005-06-29, 23:59:59,999;-1
2005-06-30, 00:00:00,000;2005-06-30, 23:59:59,999;-1
2005-07-01, 00:00:00,000;2005-07-01, 23:59:59,999;6210.0
2005-07-02, 00:00:00,000;2005-07-02, 23:59:59,999;5022.0
2005-07-03, 00:00:00,000;2005-07-03, 23:59:59,999;4830.0
2005-07-04, 00:00:00,000;2005-07-04, 23:59:59,999;-1
2005-07-05, 00:00:00,000;2005-07-05, 23:59:59,999;-1
2005-07-06, 00:00:00,000;2005-07-06, 23:59:59,999;5792.0
2005-07-07, 00:00:00,000;2005-07-07, 23:59:59,999;6301.0
2005-07-08, 00:00:00,000;2005-07-08, 23:59:59,999;6563.0
2005-07-09, 00:00:00,000;2005-07-09, 23:59:59,999;4807.0
2005-07-10, 00:00:00,000;2005-07-10, 23:59:59,999;3518.0
2005-07-11, 00:00:00,000;2005-07-11, 23:59:59,999;5421.0
2005-07-12, 00:00:00,000;2005-07-12, 23:59:59,999;-1
2005-07-13, 00:00:00,000;2005-07-13, 23:59:59,999;-1
2005-07-14, 00:00:00,000;2005-07-14, 23:59:59,999;-1
2005-07-15, 00:00:00,000;2005-07-15, 23:59:59,999;6698.0
2005-07-16, 00:00:00,000;2005-07-16, 23:59:59,999;5394.0
2005-07-17, 00:00:00,000;2005-07-17, 23:59:59,999;4892.0
2005-07-18, 00:00:00,000;2005-07-18, 23:59:59,999;5994.0
2005-07-19, 00:00:00,000;2005-07-19, 23:59:59,999;6576.0
2005-07-20, 00:00:00,000;2005-07-20, 23:59:59,999;-1
2005-07-21, 00:00:00,000;2005-07-21, 23:59:59,999;-1
2005-07-22, 00:00:00,000;2005-07-22, 23:59:59,999;7028.0
2005-07-23, 00:00:00,000;2005-07-23, 23:59:59,999;5784.0
2005-07-24, 00:00:00,000;2005-07-24, 23:59:59,999;4968.0
2005-07-25, 00:00:00,000;2005-07-25, 23:59:59,999;6898.0
2005-07-26, 00:00:00,000;2005-07-26, 23:59:59,999;7163.0
2005-07-27, 00:00:00,000;2005-07-27, 23:59:59,999;7238.0
2005-07-28, 00:00:00,000;2005-07-28, 23:59:59,999;7661.0
2005-07-29, 00:00:00,000;2005-07-29, 23:59:59,999;7499.0
2005-07-30, 00:00:00,000;2005-07-30, 23:59:59,999;6325.0
2005-07-31, 00:00:00,000;2005-07-31, 23:59:59,999;5215.0
2005-08-01, 00:00:00,000;2005-08-01, 23:59:59,999;6233.0
2005-08-02, 00:00:00,000;2005-08-02, 23:59:59,999;6649.0
2005-08-03, 00:00:00,000;2005-08-03, 23:59:59,999;6673.0
2005-08-04, 00:00:00,000;2005-08-04, 23:59:59,999;-1
2005-08-05, 00:00:00,000;2005-08-05, 23:59:59,999;6924.0
2005-08-06, 00:00:00,000;2005-08-06, 23:59:59,999;5524.0
2005-08-07, 00:00:00,000;2005-08-07, 23:59:59,999;4595.0
2005-08-08, 00:00:00,000;2005-08-08, 23:59:59,999;5979.0
2005-08-09, 00:00:00,000;2005-08-09, 23:59:59,999;5958.0
2005-08-10, 00:00:00,000;2005-08-10, 23:59:59,999;7060.0
2005-08-11, 00:00:00,000;2005-08-11, 23:59:59,999;7110.0
2005-08-12, 00:00:00,000;2005-08-12, 23:59:59,999;7287.0
2005-08-13, 00:00:00,000;2005-08-13, 23:59:59,999;6353.0
2005-08-14, 00:00:00,000;2005-08-14, 23:59:59,999;5579.0
2005-08-15, 00:00:00,000;2005-08-15, 23:59:59,999;5329.0
2005-08-16, 00:00:00,000;2005-08-16, 23:59:59,999;6664.0
2005-08-17, 00:00:00,000;2005-08-17, 23:59:59,999;6673.0
2005-08-18, 00:00:00,000;2005-08-18, 23:59:59,999;5794.0
2005-08-19, 00:00:00,000;2005-08-19, 23:59:59,999;6122.0
2005-08-20, 00:00:00,000;2005-08-20, 23:59:59,999;4896.0
2005-08-21, 00:00:00,000;2005-08-21, 23:59:59,999;4407.0
2005-08-22, 00:00:00,000;2005-08-22, 23:59:59,999;5483.0
2005-08-23, 00:00:00,000;2005-08-23, 23:59:59,999;6058.0
2005-08-24, 00:00:00,000;2005-08-24, 23:59:59,999;6106.0
2005-08-25, 00:00:00,000;2005-08-25, 23:59:59,999;6463.0
2005-08-26, 00:00:00,000;2005-08-26, 23:59:59,999;6651.0
2005-08-27, 00:00:00,000;2005-08-27, 23:59:59,999;5663.0
2005-08-28, 00:00:00,000;2005-08-28, 23:59:59,999;5087.0
2005-08-29, 00:00:00,000;2005-08-29, 23:59:59,999;5702.0
2005-08-30, 00:00:00,000;2005-08-30, 23:59:59,999;4515.0
2005-08-31, 00:00:00,000;2005-08-31, 23:59:59,999;5932.0
2005-09-01, 00:00:00,000;2005-09-01, 23:59:59,999;6444.0
2005-09-02, 00:00:00,000;2005-09-02, 23:59:59,999;6358.0
2005-09-03, 00:00:00,000;2005-09-03, 23:59:59,999;4807.0
2005-09-04, 00:00:00,000;2005-09-04, 23:59:59,999;4359.0
2005-09-05, 00:00:00,000;2005-09-05, 23:59:59,999;4023.0
2005-09-06, 00:00:00,000;2005-09-06, 23:59:59,999;6402.0
2005-09-07, 00:00:00,000;2005-09-07, 23:59:59,999;7082.0
2005-09-08, 00:00:00,000;2005-09-08, 23:59:59,999;7107.0
2005-09-09, 00:00:00,000;2005-09-09, 23:59:59,999;6897.0
2005-09-10, 00:00:00,000;2005-09-10, 23:59:59,999;-1
2005-09-11, 00:00:00,000;2005-09-11, 23:59:59,999;-1
2005-09-12, 00:00:00,000;2005-09-12, 23:59:59,999;-1
2005-09-13, 00:00:00,000;2005-09-13, 23:59:59,999;-1
2005-09-14, 00:00:00,000;2005-09-14, 23:59:59,999;-1
2005-09-15, 00:00:00,000;2005-09-15, 23:59:59,999;-1
2005-09-16, 00:00:00,000;2005-09-16, 23:59:59,999;-1
2005-09-17, 00:00:00,000;2005-09-17, 23:59:59,999;-1
2005-09-18, 00:00:00,000;2005-09-18, 23:59:59,999;4722.0
2005-09-19, 00:00:00,000;2005-09-19, 23:59:59,999;6184.0
2005-09-20, 00:00:00,000;2005-09-20, 23:59:59,999;6150.0
2005-09-21, 00:00:00,000;2005-09-21, 23:59:59,999;6580.0
2005-09-22, 00:00:00,000;2005-09-22, 23:59:59,999;6810.0
2005-09-23, 00:00:00,000;2005-09-23, 23:59:59,999;7175.0
2005-09-24, 00:00:00,000;2005-09-24, 23:59:59,999;5848.0
2005-09-25, 00:00:00,000;2005-09-25, 23:59:59,999;4991.0
2005-09-26, 00:00:00,000;2005-09-26, 23:59:59,999;6394.0
2005-09-27, 00:00:00,000;2005-09-27, 23:59:59,999;6664.0
2005-09-28, 00:00:00,000;2005-09-28, 23:59:59,999;6831.0
2005-09-29, 00:00:00,000;2005-09-29, 23:59:59,999;6917.0
2005-09-30, 00:00:00,000;2005-09-30, 23:59:59,999;7079.0
2005-10-01, 00:00:00,000;2005-10-01, 23:59:59,999;-1
